"","Road","Number_of_Parking_Space","Hours_per_sheet","Space_efficiency","Road_Start","Road_End"
"1"," 立功路",50.383908045977,3.25145866680436,"35.9%","大度路三段","立德路120巷"
"2","愛國東路",106.78275862069,1.50964452119514,"15.3%","杭州南路","金山南路"
"3","愛國西路",8.90747782002535,1.80402433317735,"34.3%","重慶南路","公園路"
"4","安東街",5.07586206896552,1.7267920094007,"30.7%","八德路2段","市民大道"
"5","安東街16巷",58.4689655172414,2.04888414262052,"14.2%","八德路2段210巷","安東街"
"6","安東街40巷",26.5563218390805,2.07620118010677,"24.6%","安東街","忠孝東路三段251巷"
"7","安和路二段",77.685140562249,2.14344966211402,"22.7%","信義路","和平東路"
"8","安和路二段74巷",12.5716129032258,2.0276019784077,"30.1%","敦化南路二段63巷","安和路二段"
"9","安和路一段127巷含29弄",83.7356321839081,2.15763216928383,"13.6%","安和路一段127巷","仁愛路4段266巷13弄"
"10","安和路一段A",42.8583061889251,2.0081744767346,"26.7%","仁愛路","信義路"
"11","安和路一段B(累進計時)",18.7323600973236,1.74539386368959,"29.8%","敦化南路","仁愛路"
"12","安康平面停車場",202.744645799012,1.85653679699882,"17.7%","",""
"13","安美街",42.0714285714286,1.6271186440678,"9.5%","安美街","潭美街"
"14","安西街",24.6620689655172,1.67277664630007,"17.2%","涼州街口","民權西路"
"15","安祥平面停車場",9.75057471264368,2.12247045878582,"40.2%","",""
"16","八德路2段174巷含11弄",26.3827586206897,1.82519560265425,"12.4%","八德路2段","市民大道"
"17","八德路2段199巷",19.1172413793103,1.67745294353224,"19.4%","長安東路2段","八德路2段"
"18","八德路2段210巷",46.9847494553377,1.40712669087847,"9.5%","八德路2段","市民大道"
"19","八德路2段218巷",36.0712643678161,1.80596634370219,"13.9%","八德路2段","安東街16巷"
"20","八德路二段167巷",12.3908045977012,1.80762411347518,"20.4%","八德路二段","長安東路"
"21","八德路二段451巷",19.3880048959608,1.98425298901597,"29.7%","八德路二段","敦化北路4巷"
"22","八德路二段451巷",19.3880048959608,1.98425298901597,"29.7%","八德路2段","敦化北路4巷"
"23","八德路二段臨時平面",4.53970080552359,1.96453215567209,"45.1%","市民大道三段","八德路二段"
"24","八德路二段A",14.6960651289009,1.59777940714361,"21.7%","復興北路","敦化北路"
"25","八德路二段B",30.8551650692226,1.18516699410609,"12.8%","復興北路","市民大道三段"
"26","八德路三段",27.2525325615051,1.39328514541303,"15.1%","敦化北路","光復南北路"
"27","八德路四段",21.5020644095789,1.56432727004934,"19.3%","東興路","光復北路"
"28","八德路四段17巷",3.7258064516129,2.46845389415299,"50.8%","光復北路11巷","八德路四段  "
"29","八德路一段",22.4288425047438,0.775769643130648,"6.1%","忠孝東路2段","新生北路1段"
"30","八德路一段43巷",8.70059880239521,1.28317234367056,"8.9%","金山北路","八德路一段"
"31","八德路一段43巷(機車)",179.236538461538,0.805847707193942,"10.8%","金山北路","八德路一段43巷"
"32","八德路一段北側",27.467803030303,0.806388313528835,"12.8%","金山北路","新生北路"
"33","百齡槌球場",426.379907621247,0.410616569275299,"1.3%","通河西街一段旁堤外","百齡橋以南"
"34","百齡堤外停車場A",504.297453703704,0.421647100675916,"1.4%","通河西街旁堤外","百齡橋以北"
"35","百齡堤外停車場B",154.564102564103,0.530839387849745,"1.3%","通河西街旁堤外","百齡橋以北（最北）"
"36","百齡橋堤外足球場",23.76,1,"20.2%","百齡橋堤外足球場","百齡橋堤外足球場"
"37","保安街",30.9178743961353,1.53626342764867,"21.4%","重慶北路二段","延平北路"
"38","寶興街",106.798850574713,1.9314835864638,"19.0%","西藏路","萬大路424巷"
"39","北安路",72.4334038054968,1.1635900700191,"22.7%","北安路554巷","大直街"
"40","北安路458巷41弄",109.906796116505,1.47654758023196,"21.0%","北安路","大直橋邊"
"41","北安路458巷47弄",162.652873563218,1.50992158450834,"14.5%","北安路458巷41弄","大直橋下"
"42","北安路554巷",23.4597701149425,1.35655688978718,"28.0%","北安路","北安路554巷8弄"
"43","北安路770巷",64.7310344827586,1.88031891845047,"9.6%","敬業一路","北安路"
"44","北寧路",10.4952951240376,1.99078869173954,"54.6%","南京東路","八德路"
"45","北平東路",143.82949932341,1.76720065044938,"11.6%","中山北路","杭州北路"
"46","北平西路（逸仙公園南側）",142.833333333333,1,"5.9%","中山北路","逸仙公園無名巷"
"47","北平西路A",197.543778801843,1,"8.2%","重慶北路","延平北路"
"48","北投磺港溪廣場",49.7456846950518,1.02904931269826,"31.0%","光明路","公館路-磺港路"
"49","北投路1段",161.92,1,"5.0%","大興街","公館路"
"50","北投路2段",81.16,1,"5.8%","大業街","大興街"
"51","濱江街",88.3525773195876,1.50930936894891,"8.9%","新生北路3段","松江路"
"52","濱江街路邊停車場",239.047453703704,0.790189490045487,"1.2%","大直橋","撫遠街403巷"
"53","濱江街路邊停車場A",97.4032258064516,0.78322166387493,"3.3%","大直橋","撫遠街403巷"
"54","濱江橋下停車場",15.7328145265888,2.12760188910268,"13.8%","濱江街230號","濱江街248號"
"55","博愛路A（計時）",51.6720554272517,1.39923049462536,"19.7%","愛國西路","植物園"
"56","博愛路B（含機車）",108.374064837905,1.01907113586214,"11.2%","忠孝西路","衡陽路"
"57","博愛路C（累進計時）",106.938300349243,1.46376055339247,"9.2%","忠孝西路","愛國西路"
"58","昌吉街",53.6057767369243,1.6237910533715,"17.5%","承德路","環河北路"
"59","常德街（機車計次）",119.862068965517,1,"32.1%","中山南路","公園路"
"60","潮州街",34.5862068965517,1.94217969208359,"24.5%","羅斯福路","金山南路"
"61","成都路A",36.5793103448276,2.3671202878148,"23.8%","康定路","環河南路"
"62","成都路B",134.907455012853,1.01495032479939,"19.0%","康定路","中華路"
"63","成福路",24.3055555555556,2.23497267759563,"17.5%","同德路","福德街"
"64","成功路1段",91.4,1.83938915218536,"7.3%","南港路3段","成功路1段94巷"
"65","成功路2段",71.0149253731343,1.77381593110872,"17.3%","成功路3段6巷","潭美街"
"66","成功路3段",64.7014925373134,1.77996827554951,"11.3%","文德路","成功路3段6巷"
"67","成功路三段",28.6574712643678,1.47529167746954,"38.0%","康寧路一段","文德路"
"68","成功路四段",90.8411910669975,1.45234995169894,"10.9%","康寧路一段","大湖街158巷"
"69","成功路五段",184.305747126437,1.5555002433736,"11.0%","大湖街158巷","成功路五段420巷"
"70","承德堤外",684.509090909091,0.289741502137187,"0.8%","基隆河左岸承德橋下堤外",""
"71","承德路二段75巷",13.5036855036855,2.52883204026001,"27.4%","承德路二段","赤峰街"
"72","承德路二段91巷",7.84295612009238,2.45197300103842,"34.8%","承德路2段","赤峰街"
"73","承德路二段A",106.483397683398,1.2192886487452,"9.9%","民權西路","南京西路"
"74","承德路二段B",18.0901856763926,0.959804338579328,"12.4%","民生西路","南京西路"
"75","承德路六段",359.294117647059,0.404115202247849,"1.4%","基河路","文林北路"
"76","承德路七段",163.937931034483,0.371465645675472,"2.0%","大業路","文林北路"
"77","承德路三段",65.45140562249,1.33916604021049,"12.8%","民權西路","敦煌路"
"78","承德路三段208巷",28.4494252873563,1.54259865255053,"20.2%","承德路三段","大龍街"
"79","承德路三段283巷",14.5034482758621,1.46935468496807,"30.5%","承德路三段","庫倫街61巷"
"80","承德路三段285巷",82.96,1.96087636932707,"15.1%","哈密街","承德路3段283巷"
"81","承德路四段179巷含機車",121.622759856631,1.16029763907304,"10.8%","基河路","承德路四段"
"82","承德路四段195巷含機車",83.0580110497238,1.27990184889295,"15.5%","基河路","承德路四段"
"83","承德路四段58巷",25.9407407407407,1.87983706720978,"16.5%","承德路四段","劍潭路"
"84","承德路四段77巷",5.31388329979879,1.08829863603733,"17.7%","基河路","承德路四段"
"85","承德路四段A",81.7510170870626,1.53886525145427,"15.5%","中正路","通河街"
"86","承德路四段B含機車",30.5175267770204,1.46941503247499,"14.0%","大南路","劍潭路"
"87","承德路一段",7.67901234567901,0.0802238805970149,"1.0%","市民大道","南京西路"
"88","崇德街",16.66,2.07900207900208,"30.0%","基隆路","富陽街"
"89","崇仁路1段",2.25,1,"12.5%","中央南路1段","磺港路"
"90","大安路二段",145.852678571429,1.69123620378202,"19.1%","信義路","復興南路151巷"
"91","大安路一段",54.6877601998335,1.67051236488771,"22.6%","市民大道","仁愛路"
"92","大道路",66.1008807045637,1.84786178808382,"17.0%","忠孝東路五段","福德街"
"93","大東路",23.4509090909091,1.86486573507631,"28.1%","文林路","小北街"
"94","大湖山莊街",354.666666666667,1.78630278063852,"6.8%","大湖山莊街243巷","成功路5段"
"95","大佳公園八號水門堤外平面大車停車場",90.8797169811321,0.308810801454042,"1.2%","",""
"96","大佳公園八號水門堤外平面小車停車場",372.948717948718,0.303134270604927,"1.3%","",""
"97","大佳河濱公園",741.449804432855,0.418436979568626,"0.3%","基隆河大佳段",""
"98","大龍街",37.3850574712644,1.39093348397119,"18.9%","民族西路","大龍街215巷"
"99","大南路(含285巷)",5.5448275862069,1.57465232222514,"31.1%","承德路四段","通河東街ㄧ段"
"100","大業路",418.5,1,"1.6%","中和街","大度路1段"
"101","大業路",418.5,1,"1.6%","承德路七段","中和街"
"102","大業路",418.5,1,"1.6%","泉源路","承德路7段"
"103","大直街",6.53103448275862,1.66431432386039,"38.4%","北安路670巷","北安路458巷41弄"
"104","丹陽街",28.0275862068966,1.42832806035532,"18.5%","紹興南街","杭州南路1段"
"105","稻香路",153.833333333333,1,"3.8%","石仙路","中央北路2段"
"106","德惠街",45.3688946015424,1.81764225194615,"18.4%","中山北路","新生北路"
"107","德惠街B",16.6641914191419,1.70583111962723,"24.2%","新生北路","松江路"
"108","德行東路",277.229847494553,1.33800426894344,"12.3%","東山路","中山北路六段"
"109","德行東路109巷",14.3870967741935,1.14052953156823,"15.7%","士東路","德行東路"
"110","德行西路",68.4505263157895,1.76995129261896,"20.0%","中山北路六段","文林路"
"111","堤頂大道二段407巷及20弄",183.109619686801,1.24172898715656,"4.7%","堤頂大道","基湖路10巷"
"112","堤頂大道二段A東側",148.746543778802,1.55653454568739,"11.8%","瑞光路478巷","內湖路一段"
"113","堤頂大道西側",219.009933774834,1.37653785071466,"6.1%","內湖路一段","樂群一路"
"114","堤頂大道一段",75.965034965035,2.01321908370651,"17.9%","民權東路6段","行善路"
"115","迪化街一段A",48.9301369863014,1.10890120639061,"10.7%","民權西路","歸綏街"
"116","迪化街一段B",27.17,1.13178461317846,"18.2%","南京西路","民生西路"
"117","東明街",75.1935483870968,2.33187006145742,"14.2%","興南街","興華路"
"118","東山路",400.571428571429,2.39404609475032,"5.6%","德行東路","天母東路"
"119","東新街",188.929411764706,1.64271969211033,"6.0%","東新街80巷","昆陽街"
"120","東新街",188.929411764706,1.64271969211033,"6.0%","東新街108巷","東新街170巷與昆陽街"
"121","東興路",15.6680497925311,1.76934013548549,"14.4%","南京東路五段","八德路四段  "
"122","東園街35巷",90.5448275862069,2.38168045172578,"19.0%","東園街","東園街73巷"
"123","東園街67巷",12.2758620689655,2.21475975577383,"19.5%","東園街35巷","東園街73巷"
"124","東園街73巷",14.1241379310345,2.06294736842105,"19.9%","西藏路199巷","東園街35巷"
"125","敦化北路199巷",52.4977011494253,1.84563916388913,"25.1%","光復北路230巷","敦化北路"
"126","敦化南路二段81巷",31.9747126436782,2.16574536535078,"33.7%","敦化南路二段","安和路"
"127","敦煌路平面停車場",12.1801125703565,2.06650963004018,"28.7%","",""
"128","敦煌路A",60.849487785658,1.63791319769447,"10.8%","大龍街","玉門街"
"129","敦煌路B（慶昌橋下）",131.721967963387,2.06880522168272,"14.1%","大龍街","延平北路四段"
"130","峨嵋街A",17.2303595206391,1.75962014863749,"20.6%","環河南路","康定路"
"131","峨嵋街B",140.918367346939,1.14035254228413,"14.0%","康定路","昆明街"
"132","兒童新樂園南側",8.97560975609756,1.58356164383562,"11.2%","士商路","基河路"
"133","芳蘭路A",324.682926829268,1,"3.9%","辛亥路","軍營口"
"134","廢鐵道平面",355.680284191829,2.11999874015004,"17.9%","忠孝東路","延吉街"
"135","福港街",17.3260368663594,1.89775122979621,"26.9%","福港街199巷","前港街"
"136","福港街199巷",22.0689655172414,1.74541333908914,"21.1%","華齡街","福港街"
"137","福和橋東側橋邊",46.5287356321839,2.60884476534296,"17.9%","",""
"138","福林公園平面大車",12.5417439703154,0.681265775451061,"27.0%","中正路","福林公園北側"
"139","福志路",254.020765027322,2.32432680650968,"8.4%","雨農路","中山北路五段"
"140","福中公園周邊",28.9816091954023,2.02977034306776,"28.4%","福港街149巷",""
"141","福州街",33.4337641357027,1.64799783549784,"29.4%","羅斯福路","牯嶺街"
"142","福州街廣場",97.9287356321839,2.29574043261231,"20.2%","和平西路","泉州街"
"143","福州街A",3.87096774193548,1.63702801461632,"70.0%","牯嶺街","重慶南路三段"
"144","撫順街",2.69250645994832,1.13597899037059,"23.4%","承德路","中山北路"
"145","撫順街41巷",158.1,2.45721153846154,"16.2%","撫順街","民族西路"
"146","撫遠街",75.8359832635983,1.64568491297682,"7.7%","民生東路五段","塔悠路"
"147","富錦街107巷",113.995402298851,3.46069452692777,"27.9%","民權東路4段","富錦街"
"148","富錦街359巷",5.0727923627685,2.09552599758162,"35.7%","富錦街359巷2弄","富錦街"
"149","富錦街359巷2弄",159,5.68,"27.9%","新中街","富錦街359巷"
"150","富錦街359巷3弄",24,6.23404255319149,"76.3%","富錦街359巷","民生東路5段27巷"
"151","富錦街429巷",16.5,5.60606060606061,"70.1%","三民路167巷","富錦街"
"152","富錦街429巷",16.5,5.60606060606061,"70.1%","三民路167巷","富錦街"
"153","富錦街A",439.91706539075,2.34232520858382,"14.6%","新中街","敦化北路"
"154","富錦街B",133.238482384824,1.63011517363758,"20.5%","撫遠街","新中街"
"155","富康街1巷",151.820689655172,2.48132628894152,"12.9%","研究院路1段","富康街"
"156","富康街1巷16弄",59.3360824742268,2.41636355471732,"23.4%","富康街1巷","研究院路1段101巷"
"157","富民街155巷",18.9512761020882,1.17401823934487,"9.7%","富民路","萬大路423巷36弄"
"158","富陽街",65.12,1.92786683107275,"12.0%","崇德街","臥龍街272巷"
"159","復興北路430巷",31.0068965517241,1.78379513014274,"19.7%","民權東路3段39巷","復興北路"
"160","復興北路488巷",32.216091954023,2.06353889328632,"25.6%","復興北路","民權東路3段39巷"
"161","復興北路A",15.3371335504886,1.73016090567693,"25.8%","民權東路","民生東路"
"162","復興北路B",46.0795454545455,1.50757989693483,"16.7%","南京東路","民生東路"
"163","復興北路C",9.72023374726077,1.56213037085444,"27.6%","八德路","南京東路"
"164","復興南路二段",23.109709962169,1.26292799774553,"15.0%","信義路","辛亥路"
"165","復興南路二段148巷",23.6437880104257,1.71498335625586,"24.3%","復興南路二段","瑞安街"
"166","復興南路二段151巷",39.6350931677019,1.8447687774091,"24.0%","復興南路二段","大安路"
"167","復興南路一段126巷",12.7972350230415,1.82548572561459,"27.6%","安東街","復興南路一段"
"168","復興南路一段135巷",32.3586206896552,1.53711378277461,"20.5%","大安路一段","復興南路一段"
"169","復興南路一段A",15.8651399491094,1.43524994132833,"18.9%","市民大道","八德路"
"170","復興南路一段B",8.9179548156956,1.12398334934358,"18.0%","市民大道","忠孝東路四段"
"171","甘谷街",3.88888888888889,2.75,"20.5%","塔城街","延平北路1段"
"172","甘州街",50.9310344827586,1.43030303030303,"18.2%","涼州街","歸綏街"
"173","港華街",38.15625,2.73015873015873,"26.4%","內湖路1段411巷","港墘路"
"174","港墘路",14.8781407035176,1.69899458623357,"23.2%","環山路2段","堤頂大道2段"
"175","港墘路221巷",153.36216839677,1.38335536121031,"8.2%","港墘路","陽光街"
"176","公園路A（計時）",13.5635103926097,1.75202189871843,"30.0%","貴陽街","愛國西路"
"177","公園路B（含機車）",74.5185694635488,1.00079191733405,"18.1%","忠孝西路","襄陽路"
"178","牯嶺街A",100.195059625213,1.92598817050785,"25.1%","重慶南路二段","和平西路一段"
"179","牯嶺街YB0",52.7057471264368,2.16987320702991,"24.2%","汀州路","水源路"
"180","牯嶺街ZB0",12.7852348993289,1.70584549279384,"25.0%","和平西路","汀州路"
"181","關渡路",104.0625,1,"5.1%","大度路3段","知行路"
"182","觀山堤外（5號水門）",487.080459770115,0.368236206673657,"6.0%","汽車",""
"183","觀山堤外（6號水門）",699.441379310345,0.416182247855259,"1.1%","汽車",""
"184","館前路（含機車）",53.8410041841004,1.00648643295702,"15.8%","漢口街","襄陽路"
"185","光復北路",279.746913580247,1.77138718217693,"7.5%","民權東路四段","健康路"
"186","光復北路11巷",37.9499561018437,2.04442179725436,"24.3%","吉祥路","光復北路"
"187","光復北路190巷",97.7655172413793,2.36843273407527,"22.0%","光復北路","健康路15巷"
"188","光復北路230巷",21.6323411102172,2.08259518259518,"15.3%","光復北路","敦化北路199巷"
"189","光復南路A",7.33640552995392,1.42532610288729,"25.5%","市民大道五段","八德路四段"
"190","光復南路B",32.8995951417004,1.71935433562071,"16.7%","忠孝東路","基隆路"
"191","光明路",30.93,0.947600661886376,"6.9%","育仁路","溫泉路72巷"
"192","光明路",30.93,0.947600661886376,"6.9%","中山路","育仁路"
"193","廣州街218巷",40.3816425120773,2.33864360491579,"19.2%","廣州街","和平西路3段"
"194","廣州街8巷",113.406504065041,1.24001709136109,"19.1%","廣州街","中華路二段75巷"
"195","廣州街A",59.9722650231125,1.29579048669456,"19.2%","康定路","中華路二段"
"196","廣州街B",28.4124423963134,1.09419680403701,"23.7%","中華路二段","延平南路"
"197","歸綏街",43.0255775577558,1.26876315377524,"17.5%","重慶北路二段","環河北路二段"
"198","桂林路",24.8904267589389,1.76029030036552,"19.2%","昆明街","華西街"
"199","桂林路堤外平面",166.837398373984,0.392521713528632,"3.1%","桂林路底堤防內",""
"200","貴陽街二段",74.2701644479248,1.88269611667967,"20.7%","環河南路一段","康定路"
"201","貴陽街一段",57.9431952662722,1.75231442518095,"21.3%","重慶南路","公園路"
"202","國興路",48.5635627530364,2.35010972630533,"23.7%","中華路二段416巷","水源路"
"203","哈密街",9.07452938916635,1.52385116098319,"24.9%","承德路三段","庫倫街61巷"
"204","哈密街",9.07452938916635,1.52385116098319,"24.9%","敦煌路","哈密街"
"205","哈密街",9.07452938916635,1.52385116098319,"24.9%","大龍街","重慶北路三段"
"206","哈密街59巷56弄",20,1.89151599443672,"17.0%","哈密街59巷","哈密街59巷78弄"
"207","漢口街二段",282.063093622795,1.00717123964696,"11.1%","中華路","環河南路"
"208","漢口街一段B（含機車）",161.504253673627,1.00027352642897,"16.3%","館前路","博愛路"
"209","漢口街一段C（含機車）",110.040302267003,1.00489375494184,"8.3%","博愛路","中華路一段"
"210","漢中街B",116,1,"11.5%","開封街","漢口街"
"211","杭州北路",49.8935185185185,1.44926124047965,"17.3%","北平東路","忠孝東路"
"212","杭州南路二段",82.0172064777328,1.37201475203125,"13.7%","信義路","羅斯福路"
"213","杭州南路二段-大車場",98.4665127020785,0.781435572211012,"7.9%","信義路","愛國東路"
"214","杭州南路二段25巷",89.9126436781609,1.56661278834036,"18.3%","杭州南路","信義路二段44巷"
"215","杭州南路一段",81.45390625,1.29577464788732,"15.5%","忠孝東路","信義路"
"216","合江街",3.8800461361015,2.04136104319478,"37.2%","民權東路3段","長春路"
"217","和平東路二段",2.26947040498442,0.753105818806776,"70.2%","復興南路","建國南路"
"218","和平東路二段76巷",48.6290697674419,2.49494309458241,"30.6%","和平東路二段90巷","辛亥路"
"219","和平東路二段90巷",2.54929577464789,2.1540404040404,"49.1%","和平東路二段","和平東路二段76巷"
"220","和平東路二段96巷",41.5783410138249,2.38630944750673,"32.2%","和平東路二段","辛亥路"
"221","和平東路三段228巷",20.1329011345219,2.06636261740038,"26.9%","和平東路","樂業街"
"222","和平東路三段A(一般)",47.0654715510522,1.90249157225053,"13.8%","基隆路","臥龍街"
"223","和平東路一段",51.7593495934959,1.35033468171614,"15.8%","新生南路","金山南路"
"224","和平西路二段",114.199152542373,1.67825220136235,"14.1%","泉州街","中華路二段"
"225","和平西路二段104巷",6.08902077151335,1.04996755353666,"9.9%","和平西路二段","三元街"
"226","和平西路三段",34.044846577498,1.30932930953744,"14.5%","南寧路","環河南路2段"
"227","和平西路一段",18.5635910224439,1.78271171207974,"24.4%","南昌路一段","重慶南路三段"
"228","衡陽路（含機車）",17.5278008298755,1.09275602463888,"18.0%","懷寧街","重慶南路"
"229","後港街134巷",27.3294930875576,2.30475517058512,"27.5%","後港街","華齡街"
"230","湖口街",58.9241379310345,1.78454124362513,"18.6%","愛國西路","南海路"
"231","葫蘆街",84.6666666666667,2.24652338811631,"14.6%","延平北路5段","延平北路5段"
"232","華齡街（含185巷）",164.072881355932,1.76017783803182,"11.4%","大南路","前港街"
"233","華榮市場",127.919540229885,1.73736170897534,"24.3%","華榮市場周邊","華聲公園周邊"
"234","華亭街",32.7764857881137,1.92207597217356,"16.8%","長安西路","南京西路"
"235","華中堤外平面場",191.612009237875,0.403846887760943,"1.6%","堤外",""
"236","懷寧街A",43.0120481927711,1.96264353893115,"25.8%","忠孝西路","寶慶路"
"237","懷寧街B（含機車）",918.304635761589,1,"11.8%","忠孝西路","凱達格蘭大道"
"238","環河北路3段",86.8888888888889,2.26259946949602,"6.8%","社中街","中 正路"
"239","環河北路堤外（3號水門堤外）小型車",1136.26641651032,2.62751940585643,"2.2%","",""
"240","環河北路堤外（5號水門堤外）",101.357329842932,1.8215369993928,"6.9%","",""
"241","環河北路堤外（5號水門牆邊）",157.345864661654,2.79592483442659,"11.7%","",""
"242","環河南路堤外防汛道",222.594252873563,0.378666584242574,"1.6%","長順街","桂林路"
"243","環河南路二段A",138.198167239404,1.74795298038246,"13.9%","和平西路","西藏路"
"244","環河南路二段B",74.2600896860987,1.5331385852494,"24.6%","西藏路","艋舺大道"
"245","環河南路二段C",7.16052318668252,1.73670852257547,"27.0%","和平西路三段","廣州街"
"246","環河南路橋下A",498.701149425287,2.37914691943128,"10.9%","環河南路","桂林路246巷"
"247","環河南路橋下B",110.429885057471,2.2244216194655,"11.6%","內江街","成都路"
"248","環河南路橋下C",79.8333333333333,2.11477173745965,"15.0%","峨嵋街","武昌街"
"249","環河南路三段",101.179310344828,2.15747431810131,"17.3%","艋舺大道","萬大路"
"250","環南市場甲-丁棟地下室",179.452716297787,2.65397071247536,"7.0%","",""
"251","環南市場內內環道路",106.367713004484,1.04853381849315,"13.8%","",""
"252","環山路1段",156.833333333333,2.08306391444914,"13.9%","內湖路1段","環山路2段10巷"
"253","環山路2段",178.423529411765,2.08316831683168,"10.4%","環山路2段10巷","港墘路"
"254","環山路3段",95.8494623655914,2.28253379273787,"7.4%","港墘路","內湖路2段179巷"
"255","磺港路",186.271428571429,1,"3.8%","光明路","公館路"
"256","磺溪街",46.2857142857143,1.75626830161054,"23.9%","克強路","德行西路"
"257","惠安街",86.7034482758621,1.14732533594192,"19.7%","忠義國小旁",""
"258","惠安街A",9.08127208480565,1.51399613899614,"15.3%","汀洲路1段92巷","南海路"
"259","惠民街",67.4184060721063,2.14883998772986,"23.4%","重陽路","南港路一段"
"260","基河路188巷",26.506976744186,1.46235557212076,"15.9%","基河路","士商路"
"261","基河路300巷",59.3259668508287,1.426550490326,"16.7%","基河路","士商路"
"262","基河路396巷",19.6574585635359,1.75698370468906,"24.7%","基河路","士商路"
"263","基河路A",109.67649536647,1.37554043598962,"14.3%","中正路","通河街"
"264","基河路B含機車",392.872152828802,1.00798759676333,"5.3%","大南路","劍潭路"
"265","基河路C",22.4014732965009,1.68359188544153,"16.6%","天文台","中正路"
"266","基湖路10巷",77.482122260669,1.5097066520839,"14.4%","基湖路","內湖路一段120巷"
"267","基湖路112巷",28.131455399061,1.90577507598784,"9.8%","基湖路","樂群二路266巷"
"268","基湖路120巷",38.9297423887588,1.58855689764781,"9.4%","基湖路","樂群二路266巷"
"269","基湖路157巷",12.7887323943662,1.66910229645094,"18.3%","基湖路145巷","基湖路151巷46弄"
"270","基湖路166巷",2.48441247002398,1.27207792207792,"37.8%","基湖路","樂群二路266巷"
"271","基湖路35巷2弄",143.365937859609,0.964129072681704,"7.4%","基湖路35巷","瑞光路548巷"
"272","基湖路3巷",147.758620689655,0.943252554050843,"7.7%","基湖路","瑞光路513巷"
"273","基隆路三段155巷",113.08275862069,1.98598712522673,"14.2%","基隆路","芳蘭路"
"274","基隆路一段",2.11650485436893,1,"5.0%","南京東路五段","八德路四段  "
"275","基隆路一段102巷",136.058620689655,2.77146256030665,"21.8%","基隆路一段","忠孝東路四段559巷"
"276","基隆路一段172巷",23.367816091954,2.53680325782642,"37.7%","基隆路一段","忠孝東路四段559巷"
"277","吉林路A",36.1795716639209,1.84534614700125,"23.6%","南京東路","民生東路"
"278","吉林路B",30.8541176470588,1.92180966295531,"22.4%","民生東路","民權東路"
"279","吉林路C",11.1258389261745,1.64540980961601,"23.7%","南京東路","長安東路"
"280","吉林路D",15.2524834437086,1.80081494922484,"23.6%","民權東路","民族東路"
"281","吉祥路",9.23841059602649,1.85186539868325,"27.9%","南京東路五段","八德路四段  "
"282","濟南路二段",46.366935483871,1.71251685509802,"17.7%","杭州南路","新生南路"
"283","濟南路一段",182.722666666667,1.44199325512259,"13.8%","中山南路","杭州南路"
"284","嘉興街",11.6666666666667,2.94029850746269,"21.6%","基隆路2段","樂業街"
"285","建國北路1段124巷",8.3,1.55822784810127,"22.8%","伊通街","建國北路1段"
"286","建國北路1段138巷",22.6,2.02516175413372,"19.2%","建國北路1段","伊通街"
"287","建國北路1段23巷",9.42396313364055,1.99849510910459,"20.0%","建國北路1段","龍江路"
"288","建國北路1段33巷",35.0896551724138,1.91968747160898,"21.3%","建國北路1段","龍江路"
"289","建國北路1段88巷",30.3,1.82330345710627,"21.7%","建國北路1段","伊通街"
"290","建國北路1段92巷",60.6896551724138,1.6589420958933,"16.0%","伊通街","建國北路1段"
"291","建國北路3段93巷5弄",29.4068965517241,1.2989447273264,"17.2%","建國北路3段113巷","建國北路3段93巷"
"292","建國北路二段",50.103802672148,1.30634674646859,"11.6%","民權東路"," 民生東路"
"293","建國北路二段A",23.1832374691865,1.73467112597547,"20.4%","南京東路","民生東路"
"294","建國北路橋下A區",216.597902097902,2.44685638098413,"12.6%","長安東路二段","朱崙街"
"295","建國北路橋下B區",561.840277777778,2.76072760737398,"11.6%","朱崙街","南京東路二段"
"296","建國北路橋下C區",129.444444444444,2.20158791634392,"13.0%","南京東路二段","四平街口"
"297","建國北路橋下C區與D區間迴轉道",91.1111111111111,1.77658567371411,"18.3%","",""
"298","建國北路橋下D區",111.681818181818,2.12967443906731,"13.1%","長春路","四平迴轉道口"
"299","建國北路橋下O區",278.794425087108,2.47669197823343,"10.3%","八德路二段","長安東路二段"
"300","建國北路三段",65.7579203899269,1.6410092975031,"18.3%","民權東路","民族東路"
"301","建國北路三段113巷",34.3172413793103,1.09622860604837,"18.2%","民權東路410巷2弄","民族東路"
"302","建國北路一段",2.19775596072931,1.17946796553016,"16.7%","南京東路","長安東路"
"303","建國南路1段65巷",10,1.2,"4.6%","安東街40巷","建國南路1段"
"304","建國南路二段",6.63414634146341,1.70232698700514,"17.7%","信義路三段","和平東路二段"
"305","建國南路二段151巷",12.414402173913,1.5209391471011,"13.4%","建國南路二段","信義路三段134巷"
"306","建國南路高架橋下A段",430.407407407407,2.28257028324279,"15.2%","和平東路","瑞安街244巷"
"307","建國南路高架橋下B段",398.94623655914,2.39269678886047,"8.1%","建國南路二段151巷","建國南路二段79巷"
"308","建國南路高架橋下C段",156.510638297872,3.15894184521207,"14.0%","建國南路二段79巷","建國南路二段39巷"
"309","建國南路高架橋下D1段",167.950581395349,2.27534708024223,"14.4%","信義路","建國南路一段107巷"
"310","建國南路高架橋下D2段",230.343529411765,2.66714007240323,"14.0%","建國南路一段107巷","建國南路一段258巷"
"311","建國南路高架橋下D3段",141.423404255319,2.776713090292,"20.4%","建國南路一段258巷","仁愛路"
"312","建國南路高架橋下D段",86.4792899408284,2.44507549900336,"21.9%","建國南路二段39巷","信義路"
"313","建國南路高架橋下E段",297.195729537367,3.52889306566424,"7.5%","仁愛路","濟南路"
"314","建國南路高架橋下F段",127.183431952663,2.22157363294906,"21.2%","濟南路","忠孝東路"
"315","建國南路一段(機車)",76.7546816479401,0.747198641765705,"2.7%","市民大道","忠孝東路"
"316","建國南路一段A",111.584269662921,0.79383105336779,"7.0%","寧馨公園","忠孝東路西側"
"317","建國南路一段B",25.4291338582677,1.09675117728202,"9.2%","忠孝東路","信義路"
"318","健康路15巷",33.6804597701149,2.0352719665272,"25.5%","敦化北路199巷","健康路"
"319","健康路325巷",23.6398158803222,2.11422284456891,"15.8%","延壽街","健康路"
"320","健康路325巷19弄",19.9310344827586,2.00984570168993,"19.7%","健康路325巷","延壽街72巷"
"321","健康路325巷5弄",19.926267281106,2.47886464214863,"23.5%","健康路325巷","延壽街72巷"
"322","健康路B",120.469230769231,1.98357531532887,"13.0%","寶清街","延壽街330巷"
"323","健康路C",33.1126436781609,2.00163874726875,"19.1%","塔悠路","寶清街"
"324","健康路YA0",44.7452006980803,2.29062977270685,"24.9%","光復北路","健康路15巷"
"325","健康路ZA0",47.2075630252101,2.04597397566602,"25.9%","延壽街330巷","光復北路"
"326","劍潭堤外停車場",413.650574712644,0.408952256140272,"1.3%","通河街323巷底堤外",""
"327","劍潭路東側",75.84,2.11278195488722,"18.5%","後港街","華齡街"
"328","教育大學大客車平面",99.2187104930468,1.23557347670251,"2.2%","明水路","北安路"
"329","金湖臨時平面停車場",80.3034482758621,2.87704549385919,"14.9%","",""
"330","金湖路",1.14285714285714,1,"14.8%","成功路4段","成功路5段"
"331","金華街A",46.7468007312614,1.89311327360974,"23.6%","羅斯福路","杭州南路"
"332","金華街B",100.379310344828,1.73775072730057,"20.0%","新生南路","金山南路"
"333","金龍路",134.252873563218,1.85594639865997,"14.2%","內湖路3段","成功路4段"
"334","金山南路二段",33.811320754717,1.22780454232622,"14.6%","信義路","和平東路"
"335","金山南路二段30巷",24.6261980830671,1.84636082693947,"37.5%","金山南路二段","信義路二段44巷"
"336","金山南路一段",48.1621187800963,1.25909287037742,"12.7%","濟南路","信義路"
"337","錦西街",70.0069071373753,1.62802236748838,"17.6%","寧夏路","中山北路"
"338","錦西街38巷",44.2309468822171,1.79901929967939,"18.7%","錦西街","萬全街"
"339","錦西街53巷",73.633704735376,1.4793357616084,"12.2%","民權西路","錦西街"
"340","錦州街A",10.135225375626,2.02315967491896,"44.3%","中山北路","新生北路"
"341","錦州街B",10.6935483870968,2.01709835788048,"23.0%","吉林路","中原街"
"342","錦州街C",80.561532192339,1.94775295158779,"22.1%","民生東路2段147巷","民權東路三段60巷"
"343","經貿二路62巷",45.881679389313,2.19656808035714,"21.8%","三重路","研究院路1段"
"344","景福街",287.316455696203,2.13430036263599,"9.4%","羅斯福路5段","羅斯福路6段"
"345","景華街",171.115646258503,1.84347472399768,"13.1%","景興路","興隆路2段"
"346","景華街128巷",40.704,1.6989270618836,"12.8%","景興街","景華街128巷3弄"
"347","景華街97巷",39.3905817174515,1.74748640184605,"9.3%","景華街121巷7弄","景興街"
"348","景隆街",83.1304347826087,2.24793070259865,"15.3%","景福街","興隆路2段"
"349","景文街",2.6969696969697,1.93530499075786,"49.0%","羅斯福路6段","木柵路1段"
"350","景文平面廣場",79.0586206896552,1.77566159417988,"20.3%","景文街90巷內",""
"351","景興路",193.49726177437,1.7031664144349,"12.8%","興隆路","木柵路"
"352","景興路282巷",11.1651612903226,1.58570090540119,"29.3%","景興路","景後街"
"353","景興路46巷",32.3389175257732,2.02187521980727,"14.3%","景興路","三福街4巷"
"354","敬業二路",62.5563218390805,1.56737602020621,"38.2%","北安路","樂群二路"
"355","敬業二路69巷",39.9149425287356,1.53949214026602,"22.9%","敬業一路","敬業二路"
"356","敬業三路177巷",19.3064516129032,2.18049398353388,"25.7%","敬業三路","樂群二路116巷"
"357","敬業一路",236.073563218391,1.58152097261008,"13.6%","植福路","樂群二路"
"358","敬業一路128巷",70.6047516198704,1.46840444184687,"17.5%","敬業一路","敬業二路"
"359","敬業一路36巷",60.8571428571429,1.80621593412965,"7.4%","敬業一路","敬業二路"
"360","酒泉街",52.5080906148867,1.484544896935,"15.4%","迪化街","環河北路"
"361","酒泉街",52.5080906148867,1.484544896935,"15.4%","中山北路","玉門街"
"362","舊宗路1段150巷",128.299492385787,1.39139469502506,"11.3%","堤頂大道1段","舊宗路1段"
"363","舊宗路2段121巷",9.92481203007519,0.967091295116773,"17.3%","瑞湖街","舊宗路2段"
"364","舊宗路2段135巷",98.3459459459459,1.11091464394792,"4.7%","瑞湖街","舊宗路2段"
"365","舊宗路2段171巷",14.9500640204866,1.59607564050427,"33.6%","瑞湖街","舊宗路2段"
"366","舊宗路2段181巷",76.70207852194,1.07628138448673,"19.9%","瑞湖街","舊宗路2段"
"367","舊宗路2段213巷",448.48275862069,0.894313967861557,"2.1%","港墘路221巷","舊宗路2段"
"368","舊宗路二段",105.060240963855,0.422018348623853,"0.2%","舊宗路2段213巷","港漧路"
"369","莒光路299巷",39.2626728110599,2.40819408093417,"17.5%","莒光路","西藏路"
"370","莒光路A",70.3718244803695,1.51531176385751,"12.9%","西園路","萬大路"
"371","莒光路B",69.4363341443633,1.86919035970646,"13.6%","萬大路","和平西路"
"372","開封街二段",308.192069392813,1.15667394714984,"8.8%","中華路","環河南路"
"373","開封街一段A（累進計時）",23.4706533776301,1.42660777385159,"14.7%","博愛路","重慶南路"
"374","開封街一段B（含機車）",204.334733893557,1,"5.4%","館前路","博愛路"
"375","開封街一段C（含機車）",85.1055825242718,1.0398349347505,"12.2%","博愛路","中華路一段"
"376","康定路",5.47497879558948,1.39435320169773,"14.6%","成都路","環河南路"
"377","康寧路1段",101.714285714286,1.98609446175977,"12.1%","星雲街","金湖路"
"378","克強路",44.4528735632184,1.38659677346468,"19.8%","中山北路六段","磺溪街"
"379","庫倫街",11.5339805825243,1.55565726839985,"22.4%","承德路","玉門街"
"380","昆明街A",159.579727326615,1.10948982066232,"13.0%","忠孝西路","成都路"
"381","昆明街C",69.3692679002414,1.80356581383703,"22.5%","內江街","和平西路"
"382","昆陽街",14.9047619047619,2.01060606060606,"26.5%","昆陽街172巷","南港路3段"
"383","昆陽街157巷",21.75,2.19067215363512,"25.5%","昆陽街","忠孝東路6段"
"384","蘭雅公園(至德行東路)",34.2597701149425,1.75059848288195,"25.5%","蘭雅公園週邊","德行東路"
"385","蘭雅公園(至忠誠路二段)",46.3364055299539,1.75720498972423,"22.9%","蘭雅公園週邊","忠誠路二段"
"386","蘭州街A",8.66666666666667,1.71621621621622,"20.4%","民權西路","重慶北路2段"
"387","蘭州街B",14.6666666666667,1.61855670103093,"14.9%","昌吉街","民權西路"
"388","樂利路",33.2081300813008,2.25509405615199,"27.1%","安和路","基隆路"
"389","樂群二路",403.570342205323,1.30241268659168,"7.0%","明水路","堤頂大道西側"
"390","樂群二路265巷",97.9923076923077,2.05352166202179,"8.0%","樂群二路","植福路286巷"
"391","樂群二路266巷",92.2827586206896,1.37045133084737,"6.6%","樂群二路","樂群一路"
"392","樂群二路30巷",72.7834101382489,1.93268072289157,"10.2%","樂群二路","樂群二路30巷82弄"
"393","樂群路2段116巷",20.0069124423963,1.6320281124498,"4.7%","樂群二路","樂群二路30巷38弄"
"394","樂群平面停車場",241.709193245779,1.44331563737285,"22.0%","敬業四路","樂群三路"
"395","樂群平面停車場",241.709193245779,1.44331563737285,"22.0%","樂群三路敬業四路口",""
"396","樂群三路",258.323943661972,1.41709600955982,"8.8%","堤頂大道西側","明水路"
"397","樂業街",20.4081902245707,2.59878879636639,"33.3%","基隆路","臥龍街"
"398","樂業街",20.4081902245707,2.59878879636639,"33.3%","和平東路三段","基隆路二段"
"399","黎富公園周邊",3.74909747292419,2.39900725467736,"37.8%","富陽街","和平東路3段341巷"
"400","立德路",104.549425287356,2.46148599327486,"28.3%","大度路三段","立德路底"
"401","立農街2段",30,1,"5.6%","石牌路2段","東華街2段"
"402","麗山街",99.1475,1.91032869481766,"20.1%","港墘路","內湖路二段103巷"
"403","麗山街37巷",55.4062078272605,2.11664468661068,"18.6%","內湖路二段103巷","麗山街"
"404","涼州街A",28.9793103448276,1.52796702834553,"18.0%","寧夏路","錦西街53巷"
"405","涼州街B",101.421841541756,1.37188222289217,"18.0%","重慶北路","迪化街"
"406","遼寧街116巷",2.875,3.08977221974096,"42.8%","龍江路","遼寧街"
"407","遼寧街128巷",55.1724137931034,1.76025312786822,"11.7%","遼寧街","龍江路"
"408","遼寧街A",51.2448275862069,1.99575371549894,"16.2%","南京東路","民生東路"
"409","林口街",16.7813578826237,2.46496615693156,"33.7%","忠孝東路五段","春光地下場"
"410","林森北路310巷",3.11520737327189,2.26166060205094,"38.9%","中山北路2段59巷3弄","林森北路"
"411","林森北路A",29.6701954397394,1.86313542494043,"23.8%","民權東路","民族東路"
"412","林森北路B",10.7555555555556,1.68239161336176,"30.1%","民生東路","長安東路"
"413","林森北路C",31.2913385826772,2.1186662479062,"19.6%","長安東路","北平東路"
"414","林森南路",114.27191679049,1.85452999585008,"18.3%","青島東路","仁愛路"
"415","林森南路61巷",50.9977011494253,1.11604356785399,"13.1%","林森南路","紹興南街"
"416","林森南路8巷",4.00980392156863,1.8492881688758,"47.2%","林森南路","鎮江街"
"417","臨沂街",21.0864361702128,1.73236729830495,"21.9%","忠孝東路","濟南路"
"418","柳州街",24.0379446640316,1.8517370528219,"23.6%","貴陽街二段","南寧路"
"419","龍江路120巷",2.4526558891455,2.5358832807571,"46.6%","龍江路","長春路258巷"
"420","龍江路124巷",14.189376443418,1.64775224775225,"20.7%","龍江路","長春路258巷"
"421","龍江路132巷",16.5701149425287,1.50383607784431,"17.2%","龍江路","建國北路2段"
"422","龍江路298巷",24.6896551724138,1.94077017693254,"23.9%","龍江路","合江街"
"423","龍江路345巷",23.7842287694974,2.07933923543977,"27.9%","龍江路","民權東路3段39巷"
"424","龍江路55巷",26.5931034482759,2.2522616776417,"24.3%","長安東路2段153巷","遼寧街"
"425","龍江路A",37.0893081761006,1.66352264907096,"17.4%","民權東路","民族東路"
"426","龍江路B",4.12720848056537,1.57237159877636,"21.4%","南京東路","興安街"
"427","龍江路C",25.1408566721582,1.8472553699284,"23.0%","八德路二段","南京東路"
"428","龍江路D",104.740384615385,1.87232432321869,"18.5%","民生東路","民權東路"
"429","羅斯福路四段90巷",15.2764976958525,1.00914184606311,"12.9%","汀洲路三段","羅斯福路四段"
"430","洛陽街",71.132970835393,1.1528894893088,"11.8%","中華路","西寧南路"
"431","美德街平面",23.3583743842365,1.8426945917766,"26.8%","前街","美德街交叉口"
"432","美堤河濱公園",482.805807622505,0.352171216920576,"1.0%","大直橋下","樂群一路"
"433","美堤河濱公園",482.805807622505,0.352171216920576,"1.0%","大直橋下","樂群一路"
"434","艋舺大道",125.234761120264,1.80839564921822,"13.1%","和平西路三段","西藏路"
"435","民樂街A",18.8620689655172,0.739464167097203,"15.3%","歸綏街","民生西路"
"436","民樂街B",42.1425287356322,1.49639501857112,"25.7%","民生西路","南京西路"
"437","民權東路2段113巷",7.26436781609195,0.991736499068901,"20.7%","松江路357巷","民權東路2段"
"438","民權東路6段21巷",141.390804597701,2.07486593282529,"12.0%","瑞光路76巷","民權東路6段"
"439","民權東路6段56巷",19.4816513761468,2.62830473422391,"34.6%","民權東路6段","行忠路"
"440","民權東路二段A",15.6833114323259,1.25509145962089,"19.5%","吉林路","松江路"
"441","民權東路二段B",6.58390804597701,1.06388177798464,"24.6%","松江路","建國北路"
"442","民權東路二段C",6.72540633019675,1.3518304987028,"29.8%","松江路","建國北路"
"443","民權東路六段",57.6840215439856,1.32198879551821,"14.7%","中山高速公路","康寧路3段"
"444","民權東路六段",57.6840215439856,1.32198879551821,"14.7%","舊宗路","中山高速公路"
"445","民權東路六段",57.6840215439856,1.32198879551821,"16.8%","中山高速公路","康寧路3段"
"446","民權東路六段",57.6840215439856,1.32198879551821,"16.8%","舊宗路","中山高速公路"
"447","民權東路六段15巷",166.236781609195,1.39958687170071,"13.7%","民權東路六段","瑞湖街"
"448","民權東路六段19巷",540.232432432432,1.80273141122913,"5.3%","民權東路六段","民權東路六段15巷"
"449","民權東路三段",56.2282842785355,1.44612818167142,"13.2%","建國北路","復興北路"
"450","民權東路三段39巷",124.225287356322,1.97014218009479,"17.3%","民權東路三段","復興北路488巷"
"451","民權東路三段A",20.5954022988506,1.41000291842988,"21.6%","建國北路","復興北路"
"452","民權東路四段A",77.4959064327485,2.41653075182827,"8.7%","新中街","敦化北路"
"453","民權東路四段B",105.031446540881,1.64205148619958,"5.7%","三民路","新中街"
"454","民權東路五段",46.7670623145401,0.893926837930626,"5.5%","撫遠街","三民路"
"455","民權西路",2.94949494949495,0.78,"16.7%","中山北路3段","環河北路2段"
"456","民權西路102巷",53.5258215962441,1.60426840296618,"14.6%","民權西路","錦西街"
"457","民權西路144巷19弄",6.14217557251908,1.82968077654358,"35.5%","民權西路144巷","承德路2段"
"458","民善街",150.227586206897,2.11303196823232,"20.2%","民權東路6段","行善路"
"459","民生東路5段137巷",40.5,4.15533980582524,"66.0%","富錦街","民生東路5段"
"460","民生東路5段137巷6弄",51,5.22784810126582,"50.6%","三民路","民生東路5段137巷"
"461","民生東路5段69巷1弄",12,5.77272727272727,"66.1%","民生東路5段69巷","民生東路5段27巷"
"462","民生東路5段69巷21弄",24,6.14814814814815,"43.2%","民生東路5段69巷","民生東路5段27巷"
"463","民生東路5段69巷2弄",63,6.16494845360825,"59.3%","新中街","民生東路5段69巷"
"464","民生東路5段69巷3弄",9,6.38095238095238,"93.1%","民生東路5段69巷","民生東路5段27巷"
"465","民生東路5段69巷4弄",32,5.9375,"92.8%","新中街","民生東路5段69巷"
"466","民生東路二段",45.2855072463768,1.3889073611275,"15.9%","松江路","建國北路"
"467","民生東路二段A",19.0148560817084,1.45895914689096,"23.7%","吉林路","松江路"
"468","民生東路二段B",18.7435254803676,1.66414802157313,"21.4%","新生北路","吉林路"
"469","民生東路三段",154.584637268848,1.35039872089537,"12.0%","建國北路","敦化北路"
"470","民生東路四段131巷",32.9827586206897,2.69332048811818,"36.5%","民權東路四段","民生東路四段"
"471","民生東路四段80巷",3.01650943396226,1.89934949733885,"48.3%","民生東路四段","敦化北路199巷"
"472","民生東路四段97巷",3.29282407407407,2.58444737337601,"37.1%","富錦街","民生東路四段"
"473","民生東路五段",111.192810457516,1.24293287897694,"11.1%","撫遠街","民生東路五段137巷"
"474","民生東路五段27巷",82.6137931034483,2.11359582059123,"23.1%","富錦街","民生東路五段"
"475","民生東路五段27巷9弄",54.3709677419355,2.53573639678063,"19.5%","民生東路五段27巷","光復北路"
"476","民生東路五段36巷",30.3274336283186,1.95367859524339,"16.4%","民生東路五段","延壽街"
"477","民生東路五段69巷",24.0712643678161,2.01704910596152,"19.6%","富錦街","民生東路五段"
"478","民生東路一段",27.9673202614379,1.73011514766702,"22.7%","中山北路","新生北路"
"479","民生西路",72.2717041800643,1.21919304633817,"14.4%","延平北路","承德路"
"480","民生西路423巷",8.97931034482759,0.61759651735594,"17.3%","環河北路一段","民生西路"
"481","民生西路A",17.0874125874126,1.02295186483902,"10.5%","承德路","中山北路"
"482","民族東路",58.3061224489796,2.3566265060241,"12.8%","復興北路","民權東路3段"
"483","民族東路410巷2弄",2.76626506024096,1.01250744490768,"27.8%","建國北路三段113巷","民族東路410巷"
"484","民族東路512巷",1.03243243243243,2.30952380952381,"47.6%","民族東路","復興北路514巷"
"485","民族東路A",128,2.0283273002778,"10.8%","龍江路 ","復興北路"
"486","民族東路B",31.3310344827586,2.60379572470792,"23.4%","吉林路","新生北路三段"
"487","民族東路C",56.6967632027257,1.32869710522436,"10.2%","建國北路","龍江路"
"488","民族西路",122.679275019701,1.24800005866006,"13.7%","承德路","環河北路"
"489","明德路",148.827586206897,1.65452619031852,"14.5%","振興街","振華街"
"490","明德路337巷",112.724489795918,1.51486233441986,"15.4%","石牌路","明德路"
"491","明水路",474.978723404255,1.47114162018799,"9.6%","北安路","大直橋下"
"492","明水路494巷",9.56941176470588,1.70574162679426,"17.5%","明水路","樂群二路30巷"
"493","明水路581巷",55.5248868778281,1.34888165345413,"11.9%","北安路554巷八弄","明水路"
"494","明水路606巷",10.030162412993,1.3344465648855,"37.0%","明水路","敬業一路"
"495","明水路672巷",17.4254473161034,1.42543504653986,"23.0%","明水路","敬業一路"
"496","木柵路二段",39.3538812785388,1.43658453502895,"13.8%","木柵路2段2巷","秀明路1段"
"497","木柵路五段",13.0778443113772,0.263436790310371,"1.6%","大車",""
"498","木柵路一段",93.2233009708738,1.49397291121635,"23.5%","景美溪橋","木柵路2段2巷"
"499","木柵新光河川平面場",1263.6654028436,1.78830767944003,"6.4%","",""
"500","木新路1段",78.367816091954,1.45479415787848,"15.1%","萬壽橋","指南路1段"
"501","木新路2段",168.064261555806,1.39384547052121,"12.1%","指南路1段","寶儀路"
"502","南昌路2段(A)",2.59358288770053,1,"22.9%","和平西路1段","羅斯福路3段"
"503","南昌路2段(B)",14.9742212674544,1.84672368509664,"24.6%","同安街","羅斯福路3段"
"504","南昌路二段",6.25466893039049,1.32497492477432,"29.1%","福州街","和平西路一段"
"505","南昌路一段",63.4355590062112,1.58934313275149,"24.3%","愛國西路","福州街"
"506","南港路3段",73.88,2.06395094174332,"15.9%","昆陽街","中坡北路"
"507","南港路一段",80.5205811138015,1.50598363914053,"18.0%","研究院路一段","興中路"
"508","南港路一段277巷",31.0898617511521,2.18033633279245,"16.9%","南港路一段","南港路一段287巷4弄"
"509","南港路一段287巷2弄",14.0347222222222,2.3953472270304,"21.9%","南港路一段277巷","南港路一段309巷"
"510","南海路A",13.1932021466905,1.67706223842311,"31.6%","羅斯福路","和平西路二段"
"511","南海路B",15.2341463414634,1.7876147142747,"23.2%","和平西路二段","中華路二段"
"512","南京東路3段89巷5弄",4.42068965517241,1.95755907318192,"34.1%","龍江街","長春路258巷"
"513","南京東路3段及長春路",15.0873563218391,1.58660753880266,"21.0%","建國北路2段","長春路"
"514","南京東路4段120巷",5.55555555555556,3.92441860465116,"51.9%","南京東路4段","寧安街9巷"
"515","南京東路6段東側",467.761904761905,2.57308999821077,"9.2%","潭美街","成功路2段"
"516","南京東路6段西側",144.877777777778,2.36485788113695,"4.4%","潭美街","成功路2段"
"517","南京東路三段338巷",24.187270501836,2.03279184744224,"31.4%","南京東路","敦化北路4巷"
"518","南京東路五段66巷",2.84587813620072,2.15200233849751,"47.5%","南京東路五段","八德路四段  "
"519","南京東路五段66巷22弄",21.6931034482759,2.13332923341841,"28.3%","光復北路11巷","八德路四段  "
"520","南京西路302巷",27.335632183908,2.14797088443514,"22.6%","南京西路302巷","天水路"
"521","南京西路344巷",10.5568445475638,2.13453650533224,"28.6%","天水路","延平北路1段"
"522","南京西路A",5.38442211055276,1.1847932042891,"22.1%","重慶北路","延平北路"
"523","南京西路B",75.6879606879607,1.18543270133283,"17.1%","延平北路","環河北路"
"524","南寧路",11.8013876843018,1.80548071236118,"28.8%","廣州街","和平西路"
"525","南陽街（含機車）",164.669117647059,1,"16.6%","忠孝西路","襄陽路"
"526","南陽街無名巷（機車計次）",46.6804597701149,1,"13.1%","南陽街54號-50號",""
"527","內湖路2段",174.105882352941,2.26840731070496,"14.7%","內湖路2段103巷","金龍路"
"528","內湖路2段179巷",27.047619047619,2.3644251626898,"12.0%","環山路3段","內湖路2段179巷48弄"
"529","內湖路3段",2.51428571428571,2.31304347826087,"37.8%","內湖路3段326巷","金龍路"
"530","內湖路二段",22.0726114649682,2.10280095351609,"22.6%","內湖路二段54號","文德路"
"531","內湖路二段103巷",53.4594594594595,2.02041698693313,"26.6%","內湖路二段","內湖路二段103巷38號"
"532","內湖路一段120巷及15弄",66.4954022988506,1.17760956175299,"9.6%","內湖路一段","堤頂大道二段"
"533","內湖路一段288巷",65.3206896551724,1.03643551152601,"4.8%","內湖路一段","洲子街"
"534","內湖路一段32巷",36.3851851851852,1.64611102973488,"14.3%","植福路","內湖路一段"
"535","內湖路一段518巷",82.1011494252874,1.1389061125611,"9.2%","內湖路一段","瑞光街"
"536","內湖路一段737巷51弄",7.71349862258953,1.6719869040311,"36.5%","麗山街","內湖路一段737巷41弄"
"537","內江街",59.0177276390008,1.94056339799415,"21.1%","西寧南路","環河南路"
"538","寧安街",10.3611111111111,3.375,"35.6%","南京東路4段","八德路3段"
"539","寧波東街",11.3462199312715,1.86527514231499,"32.6%","愛國東路","羅斯福路"
"540","寧波西街",14.5241379310345,1.83138899015676,"19.9%","和平西路2段","紹安街"
"541","寧波西街A",7.84367816091954,1.60134515438704,"19.2%","紹安街","水源路"
"542","寧波西街Y00",111.936324167873,1.97685921600244,"14.7%","重慶南路三段","和平西路二段"
"543","寧波西街Z00",57.5677685950413,1.60583802118791,"24.1%","羅斯福路","重慶南路三段"
"544","寧夏路A",16.3456591639871,1.3741097442538,"20.9%","保安街","涼州街"
"545","寧夏路B",25.8378812199037,1.47389890810943,"18.7%","錦西街","南京西路"
"546","農安街",151.552588996764,1.68800791436715,"18.3%","中山北路三段","建國北路"
"547","平陽街",50.0103448275862,2.0511339051643,"23.2%","承德路","寧夏路"
"548","前港街",91.383908045977,1.78232004588471,"19.5%","承德路四段","福港街"
"549","青島東路",172.463009143807,1.80223498953223,"21.7%","中山南路","杭州南路"
"550","青島西路（含機車）",172.522821576763,1,"11.8%","中山南路","公園路"
"551","青年路",186.493103448276,1.8431526762754,"16.1%","國興路","水源路"
"552","青年路68巷",30.3701149425287,2.19237382421361,"20.5%","萬青街","青年路"
"553","慶城街",43.5518053375196,2.27002215046302,"23.6%","南京東路","民生東路"
"554","泉州街A(含6巷)",176.029885057471,1.94555629327516,"20.1%","南海路","和平西路二段"
"555","泉州街B",30.5345489443378,1.59957346668628,"17.1%","汀州路","中華路二段"
"556","仁愛路二段",86.8008474576271,1.37594341526416,"10.2%","杭州南路","新生南路"
"557","仁愛路三段A",48.7373493975904,1.38344303150361,"11.0%","新生南路","建國南路"
"558","仁愛路三段B",43.7071057192374,1.62800018080186,"17.9%","建國南路","復興南路"
"559","仁愛路四段222巷",61.5172413793103,1.87541854709565,"24.1%","仁愛路4段","仁愛路4段222巷"
"560","仁愛路四段452巷",43.509067357513,1.75081481481482,"19.8%","仁愛路4段","光復南路421巷"
"561","仁愛路四段A",7.75457570715474,1.60691036554832,"26.5%","光復南路","延吉街"
"562","仁愛路四段B",4.79448621553885,1.52417112299465,"28.7%","延吉街","仁愛路四段266巷"
"563","仁愛路四段C",1.08641975308642,1,"18.6%","復興南路一段","敦化南路一段"
"564","仁愛路一段",96.6044711951849,1.38995426553161,"8.4%","中山南路","杭州南路"
"565","瑞安街",47.9126436781609,1.83116184803739,"23.6%","復興南路","復興南路148巷"
"566","瑞安街208巷11弄及24弄",66.6235565819861,1.82011235955056,"18.7%","信義路三段134巷","瑞安街"
"567","瑞安街81巷",8.91129032258065,1.96600465199499,"31.6%","瑞安街","和平東路2段175巷"
"568","瑞光路112巷",9.11136890951276,1.69182301876225,"38.5%","瑞光路66巷","瑞光路"
"569","瑞光路122巷41弄及42弄",5.68041237113402,1.99062265566392,"24.1%","瑞光路132巷","瑞光路112巷"
"570","瑞光路132巷",171.27816091954,2.99284140969163,"18.2%","瑞光路","瑞光路112巷"
"571","瑞光路188巷",57.0138248847926,0.98715484656288,"7.8%","瑞光路","瑞湖街"
"572","瑞光路258巷",81.551724137931,1.26914817465999,"9.1%","瑞光路","港墘路221巷"
"573","瑞光路26巷20弄及36弄",30.1494252873563,1.96144269222063,"24.8%","瑞光路66巷","瑞光路26巷"
"574","瑞光路316巷",56.7355658198614,1.46969833408375,"12.5%","瑞光路","堤頂大道"
"575","瑞光路358巷30、36、38弄",103.484782608696,1.2217721668687,"10.9%","瑞光路358巷",""
"576","瑞光路478巷18弄",73.383908045977,0.931676901985088,"9.7%","瑞光路478巷","瑞光路548巷"
"577","瑞光路513巷22弄",294.174712643678,0.858596394351218,"10.9%","瑞光路513巷","瑞光路583巷"
"578","瑞光路66巷",33.7310344827586,1.91718005346972,"28.1%","瑞光路76巷","瑞光路"
"579","瑞光路76巷",44.6965517241379,1.65891212263834,"23.8%","民權東路六段21巷","瑞光路"
"580","瑞光路76巷A",15.5218508997429,1.37121486307154,"23.5%","民權東路六段21巷","瑞光路"
"581","瑞光市場平面停車場",122.493103448276,2.16316198937885,"22.5%","瑞光路","陽光街交會口"
"582","瑞湖街",78.8896551724138,0.984305045525429,"7.1%","瑞光路","陽光街"
"583","瑞湖街178巷",58.6962025316456,1.07335384164652,"14.4%","瑞湖街","舊宗路2段171巷"
"584","三福街4巷",29.448275862069,1.8844850310676,"19.5%","景興路42巷","景興路46巷"
"585","三合街1段",60.6764705882353,1,"4.8%","公館路","磺港路"
"586","三合街2段",60.75,1,"5.0%","磺港路","大業路"
"587","三腳渡平面廣場",175.679354094579,0.387581406567658,"1.8%","",""
"588","三民路",28.4275862068966,1.61058733309275,"22.2%","三民路155巷","民生東路五段"
"589","三民路101巷",123,5.97087378640777,"31.2%","三民路","民生東路5段138巷"
"590","三民路101巷",123,5.97087378640777,"31.2%","三民路","民生東路五段138巷"
"591","三民路155巷",74,6.01098901098901,"46.2%","三民路","富錦街429巷"
"592","三民路155巷",74,6.01098901098901,"46.2%","三民路","富錦街429巷"
"593","三民路167巷",110,6.0990099009901,"35.0%","三民路","富錦街429巷"
"594","三民路167巷",110,6.0990099009901,"35.0%","三民路","富錦街429巷"
"595","三民路35巷",15.6735632183908,1.9895126465145,"23.7%","三民路","健康路225巷"
"596","三民路62巷",81.6221198156682,2.63762187605066,"16.6%","延壽街72巷","三民路"
"597","三民路68巷",24.0209059233449,2.40485400075844,"19.2%","延壽街72巷","三民路"
"598","三民路74巷",7.2962962962963,2.15461624026696,"14.2%","延壽街72巷","三民路"
"599","三元街",127.408429118774,1.56643245111156,"13.3%","泉州街","汀州路"
"600","三重路",22.4218551461245,1.72500862763143,"13.1%","南湖大橋","南港路一段"
"601","廈門街113巷",38.8630897317299,2.25903235511309,"28.1%","廈門街","同安街"
"602","紹興北街",1.22721088435374,1.67164948453608,"27.7%","北平東路","忠孝東路"
"603","紹興南街",145.977920883165,1.51015738034074,"9.9%","忠孝東路","仁愛路"
"604","紹興南街A",27.9428904428904,1.53757697158543,"19.9%","信義路1段","仁愛路"
"605","社中街",39,1.35576923076923,"10.0%","延平北路6段","延平北路6段"
"606","社子公園周邊",50.46,2.28780241935484,"11.2%","社子公園周邊","社子公園周邊"
"607","社子街",10,1.74666666666667,"18.2%","延平北路6段","延平北路6段"
"608","師大路",13.3170731707317,1.86653185035389,"21.1%","汀州路","羅斯福路"
"609","師大路A",20.079295154185,0.81782390837509,"2.1%","汀州路","水源路"
"610","師大路C",6.1431870669746,2.37334343051874,"36.3%","和平東路","羅斯福路"
"611","士東路",162.479310344828,1.51285708815195,"14.0%","忠誠路2段","東山路"
"612","士東路200巷",20.4361078546307,1.28010124834609,"16.0%","士東路","德行東路"
"613","士東路A",103.972868217054,1.25999411630111,"18.0%","中山北路六段","忠誠路2段"
"614","士林市場西側機車",65.0936329588015,1,"4.7%","大南路","基河路"
"615","士商路A",72.0306513409962,1.42344014851885,"12.0%","中正路","大南路"
"616","士商路B",94.6740331491713,1.97653045951205,"16.1%","承德路五段","中正路"
"617","士商路C大車",22.9050279329609,1.24864459087497,"8.7%","承德路五段","中正路"
"618","市民大道3段南側-機車",243.543925233645,0.80899615330414,"14.9%","八德路","金山北路"
"619","市民大道七段A",27.2297872340426,2.67581903276131,"15.5%","向陽路","中坡北路"
"620","市民大道五段",5.71080817916261,1.9824604743083,"31.6%","東興路","東寧路"
"621","市民大道一段",419.465465465465,1,"2.5%","承德路","中山北路"
"622","市民大道一段北側",248,1,"11.6%","延平北路","承德路"
"623","雙城街",11.8858075040783,1.74908072141481,"26.4%","農安街","雙城公園"
"624","雙和街",46.08,2.29812914906457,"20.7%","中華路2段364巷17弄","中華路2段416巷66弄"
"625","雙全街",52.9259259259259,0.993785310734463,"5.1%","中和街","大業路"
"626","雙溪公園平面",8.47407407407407,1,"8.4%","福林路254巷","雙溪公園對面"
"627","雙溪街",410.790697674419,0.999767927593409,"3.0%","文林路","至誠路1段"
"628","雙園街89巷",18.4827586206897,1.58788000805315,"12.3%","雙園街","環河南路175巷"
"629","水快橋下",277.27816091954,0.37755322675969,"1.6%","汀州路51號","137號"
"630","水源路A",168.089655172414,2.00561058720976,"10.8%","中華路二段","富民街155巷"
"631","水源路B",5.46915017462165,2.09308176100629,"26.6%","151-169號",""
"632","思源街",33.9862068965517,1.88404577583305,"18.9%","汀州路","永福橋"
"633","四平街",38.0137931034483,1.78360266159696,"18.9%","建國北路","吉林路"
"634","四平街",38.0137931034483,1.78360266159696,"18.9%","伊通街","吉林路"
"635","四維路",32.2391489361702,2.11167492138895,"31.8%","平面停車場",""
"636","松德路",117.678513731826,2.01711558448945,"20.6%","松山路","松德路底"
"637","松德路168巷",41.1344827586207,2.26629523348116,"26.1%","松德路","忠孝東路5段236巷"
"638","松德路180巷",8.61724137931034,2.30132647000594,"35.8%","松德路168巷","松德路200巷"
"639","松高路20巷",668,1,"12.6%","松高路","松壽路"
"640","松河街",126.371794871795,1.09095191980527,"5.3%","園區街口","興中路"
"641","松河街",126.371794871795,1.09095191980527,"5.3%","塔悠路","興中路"
"642","松江路",155.710344827586,2.19836389280677,"7.2%","濱江街","民族東路"
"643","松江路188巷(中吉公園周邊)",2.98390804597701,1.9366982710541,"41.2%","",""
"644","松江路25巷",38.5123076923077,2.04600744724866,"29.6%","伊通街","松江路"
"645","松江路357巷",15.9954022988506,1.07084571737368,"21.9%","民權東路2段135巷","松江路"
"646","松江路469巷",3.11264367816092,1.73518022043491,"33.1%","松江路","民權東路2段135巷"
"647","松江路84巷",30.1287356321839,1.77551744005673,"23.5%","松江路90巷6弄","松江路"
"648","松江路85巷",17.3413793103448,1.85632890514889,"31.6%","伊通（街）公園","松江路"
"649","松江路90巷",34.983908045977,1.56658114407545,"21.9%","松江路","吉林路"
"650","松江路A",28.2660902977906,1.49464008705517,"16.9%","民權東路","民族東路"
"651","松江路B",1.9848275862069,1.10781786941581,"16.3%","民權東路","民生東路"
"652","松江路C",8.46629213483146,0.843467588976905,"7.7%","南京東路","民生東路"
"653","松江路D",2.69495412844037,0.92648185020677,"19.8%","松江路84巷","長安東路"
"654","松江路E",1.11538461538462,0.575063613231552,"6.0%","長安東路2段","渭水路"
"655","松隆路A",95.932859399684,1.92496013029758,"14.4%","中坡北路","永吉路"
"656","松隆路B",31.4128289473684,1.94532341924303,"21.0%","永吉路","基隆路一段"
"657","松隆路C",3.26530612244898,2.43670886075949,"30.1%","永吉路127巷","松隆路"
"658","松平路50巷",13.2379310344828,2.42830555790542,"31.2%","松平路","莊敬路325巷45弄"
"659","松勤街140巷",6.67592592592593,2.34569983136594,"24.1%","信義路5段150巷","松勤街"
"660","松仁路",62.8116883116883,1.58689528475199,"14.7%","信義路5段","莊敬路"
"661","松山路",55.1067880794702,1.72675630008189,"19.2%","松隆路","忠孝東路五段"
"662","松山路B",2.375,1.58520547945205,"37.8%","忠孝東路五段","松德路"
"663","松壽廣場北側巷",113.60599078341,1,"13.8%","新光三越","松智路"
"664","松壽廣場南側停放區",88.75,1,"11.4%","新光三越","松智路"
"665","松信路",104.724696356275,1.86203508927729,"20.0%","八德路四段  ","忠孝東路五段"
"666","松勇路",43.9494252873563,2.47161936560935,"19.1%","松高路","信義路五段"
"667","松勇路53巷",17.4298850574713,2.48001831082628,"27.5%","信義路五段91巷15弄","松勇路"
"668","松智路32巷",16.816091954023,2.125,"20.5%","松平路50巷","松智路"
"669","松智路32巷8弄",28.3862068965517,2.10036413290851,"18.7%","松智路32巷","莊敬路325巷45弄"
"670","塔城街",29.8248259860789,1.48420495039969,"18.4%","鄭州路","南京西路"
"671","塔悠路",210.184542586751,2.30497325370885,"8.1%","撫遠街403巷","健康路"
"672","太原路",55.7610264635124,1.41569899817851,"19.9%","民生西路","南京西路"
"673","太原路A",36.02109375,1.81993621151891,"21.3%","民生西路","南京西路"
"674","泰安街",7.76470588235294,3.62441314553991,"45.0%","濟南路2段","杭州南路1段71巷"
"675","潭美街A",609.5,2.4118247727969,"4.8%","堤頂大道","安美街"
"676","潭美街B",27.4285714285714,3.01573033707865,"14.6%","南京東路6段","潭美街"
"677","桃源街（累進計時）",48.0345224395857,1.6621104525958,"28.0%","寶慶路","延平南路129巷"
"678","天津街A",35.5429262394196,1.84051044664081,"19.2%","南京東路","長安東路"
"679","天津街B",45.0575,2.3416783117406,"34.3%","市民大道","忠孝東路"
"680","天津街C",24.9034482758621,2.03054422159646,"25.1%","長安東路","市民大道"
"681","天母北路",47.7651515151515,1.4939265909691,"16.3%","石牌路2段","天母西路"
"682","天母東路",99.3988888888889,1.51583824768324,"17.6%","中山北路六段","東山路"
"683","天母東路",99.3988888888889,1.51583824768324,"17.6%","中山北路六段","東山路"
"684","天母西路",18.8904109589041,1.31106959364783,"22.6%","石牌路2段","中山北路6段"
"685","天母西路130巷",21.7924528301887,1.79786308858243,"19.9%","石牌路","振興街"
"686","天母西路38巷",24.8056628056628,1.27384874185183,"26.9%","天母西路","中山北路六段441巷"
"687","天水路",30.6808681672026,1.81387842926304,"21.6%","延平北路","重慶北路"
"688","天祥路",30.5273311897106,1.8554967445782,"20.9%","錦西街","撫順街"
"689","天玉街",132.042253521127,1.79315931593159,"11.8%","中山北路7段181巷","天母北路"
"690","天玉街38巷",37.0404172099087,1.55385633222219,"26.9%","天玉街","天玉街38巷18弄"
"691","汀州路二段Y00",27.5223880597015,1.15748294451601,"15.0%","泉州街","重慶南路二段"
"692","汀州路二段Z00",7.17657342657343,1.52195517695974,"22.9%","重慶南路二段","同安街"
"693","汀州路三段",5.07503949447077,1.3757225433526,"22.8%","辛亥路","基隆路"
"694","汀州路三段104巷",12.3172413793103,2.10996334555148,"27.3%","汀州路三段","汀州路三段200巷"
"695","汀州路四段",150.788505747126,1.97137036534021,"13.8%","溪州街","基隆路"
"696","汀州路四段23巷",3.14987714987715,2.3584447144593,"37.9%","汀州路四段","羅斯福路"
"697","汀州路一段A",36.3499616270146,1.49683580452811,"17.3%","三元街","泉州街"
"698","汀州路一段B",36.8986615678776,1.85163247100803,"16.8%","中華路","莒光路"
"699","汀洲路二段",4.3544536271809,2.04502341217433,"44.9%","同安街","師大路"
"700","通河東街1段",218.166666666667,1,"4.5%","中正街","通河街179巷"
"701","通河東街2段",225.333333333333,1,"4.5%","承德路5段","中正路"
"702","通河西街1段",142.003452243959,0.752961825362001,"3.3%","中正路","中山高速公路橋下"
"703","通河西街1段",142.003452243959,0.752961825362001,"3.3%","中正路","中山高速公路橋下"
"704","通河西街2段",372.520689655172,0.794215066548574,"2.5%","延平北路6段","中正路"
"705","通河西街2段",372.520689655172,0.794215066548574,"2.5%","延平北路6段","中正路"
"706","通河西街一段堤外平面停車場",39.8040201005025,0.616314423433445,"4.4%","",""
"707","通化街",13.0377510040161,2.2825752169177,"28.8%","信義路4段","樂利路"
"708","同德路",40.7801418439716,1.34149054505006,"18.4%","玉成街","東新街80巷"
"709","銅山街",2.94117647058824,2.89024390243902,"36.5%","杭州南路1段","臨沂街"
"710","萬大路",179.27816091954,1.46666772144388,"14.9%","莒光路","華中橋"
"711","萬大路277巷33弄",20.52,1.94158878504673,"10.1%","中華路2段416巷","萬大路277巷"
"712","萬大路344巷",60.4873563218391,2.43222222222222,"19.8%","萬大路","東園街"
"713","萬大路423巷",11.7129909365559,1.39430436740207,"12.3%","萬大路","青年路"
"714","萬大平面廣場",162.032183908046,2.42380520588863,"16.1%","",""
"715","萬芳八號公園",120.22,1,"2.3%","",""
"716","萬華火車站前廣場",47.0706836616454,1.78888526809215,"22.0%","康定路上",""
"717","萬華火車站週邊",56.5850574712644,1.71120850428944,"18.6%","西園路一段","康定路"
"718","萬美街1段",84.5954198473282,1.87909319899244,"7.6%","萬寧街","和平東路4段"
"719","萬青街",1.20098039215686,1.85387547649301,"33.1%","青年路68巷","萬大路423巷"
"720","萬慶平面廣場",27.0929095354523,2.0783233011821,"16.2%","萬慶街48號對面廣場",""
"721","萬全街",10,1.3,"10.8%","寧夏路","承德路2段"
"722","渭水路",13.3252873563218,1.7477672940108,"23.0%","松江路","八德路"
"723","渭水路3巷",33.7402298850575,2.28244880681518,"22.6%","渭水路","松江路25巷"
"724","文昌街",8.83419689119171,1,"7.6%","敦化南路2段","基隆路2段"
"725","文昌路",27.3743842364532,1.56568388188994,"26.7%","文昌橋","中正路"
"726","文德路",7.96875,1.59698275862069,"24.2%","江南街","成功路3段"
"727","文德路101巷",2.99186991869919,2.00385887541345,"36.6%","文德路","內湖路2段"
"728","文湖街",106.511904761905,2.02314499659632,"20.8%","內湖路一段","環山路一段"
"729","文化三路",25.2916666666667,1,"8.5%","杏林一 路","中央北路2段"
"730","文林北路",91.7069431920649,0.376568261881708,"2.2%","石牌橋","承德路6段"
"731","文林路",20.5993322203673,0.300822973209596,"1.7%","石牌橋","士林橋"
"732","文林路A含機車",212.535230352304,1,"9.3%","小北街","基河路"
"733","文林路B",56.4309523809524,1.6263215952482,"15.6%","士林橋","小北街"
"734","臥龍街",80.6239224137931,2.50295640144585,"27.3%","和平東路3段406巷","和平東路3段531巷"
"735","臥龍街",80.6239224137931,2.50295640144585,"27.3%","基隆路","富陽街"
"736","臥龍街",80.6239224137931,2.50295640144585,"37.5%","和平東路3段406巷","和平東路3段531巷"
"737","臥龍街",80.6239224137931,2.50295640144585,"37.5%","基隆路","富陽街"
"738","臥龍街272巷",17,2.16028708133971,"20.5%","富陽街","臥龍街"
"739","吳興街",16.716915995397,2.49886896105995,"26.6%","松仁路","吳興街600巷"
"740","吳興街220巷",61.5835616438356,1.92830199799611,"10.4%","吳興街284巷","信安街103巷"
"741","吳興街600巷平面",27.0023201856148,3.08998804354666,"26.4%","",""
"742","五常公園周邊",52.1379310344828,2.40847178566083,"17.7%","五常公園東側","五常公園南側"
"743","五常街",94.892030848329,1.83261837560245,"20.3%","建國北路三段","民權東路三段39巷"
"744","五常街53巷",26.367816091954,1.66875900391027,"17.7%","五常街","民族東路"
"745","五分街",3.52380952380952,1.88235294117647,"40.5%","康寧路3段","東湖路160巷"
"746","五原路",8.05825242718447,1.0521426430926,"22.0%","太原路","承德路"
"747","武昌街一段A（累進計時）",8.64629847238543,1.19585795057493,"32.0%","延平南路","重慶南路"
"748","武昌街一段B（含機車）",224.436950146628,1,"8.3%","懷寧街","博愛路"
"749","武昌街一段C（含機車）",216.573304157549,1,"8.0%","博愛路","中華路一段"
"750","西藏路125巷",74.0498417721519,2.26808624079443,"13.2%","西藏路","青年路"
"751","西藏路199巷",82.2413793103448,2.29103749210541,"13.9%","西藏路","民和街"
"752","西藏路A",133.275167785235,1.15127951462154,"10.0%","環河南路","艋舺大道"
"753","西藏路B",91.9988505747126,1.56306990881459,"14.8%","萬大路","寶興街"
"754","西藏路C",100.040593286495,1.5188234014789,"13.6%","汀州路","萬大路"
"755","西昌街",57.0559210526316,1.79918833227647,"17.0%","內江街","桂林路"
"756","西寧北路Y00",92.4021739130435,1.61064224492192,"18.3%","民生西路","鄭州路"
"757","西寧北路Z00",34.6029556650246,1.40613525091799,"11.6%","鄭州路","忠孝西路"
"758","西寧南路A",217.229735988884,1.13192642421629,"13.0%","忠孝西路","成都路"
"759","西寧南路B",66.4635093167702,2.28972955740928,"18.9%","內江街","桂林路"
"760","西園路二段",43.2804597701149,1.74202243283193,"20.0%","莒光路","寶興街"
"761","西園路二段(仁濟公園周邊)",5.01398601398601,1.53357438016529,"17.3%","",""
"762","西園路一段",54.9813333333333,1.70360575914033,"18.5%","和平西路三段","西園路一段282巷"
"763","西園路一段",54.9813333333333,1.70360575914033,"18.5%","內江街","和平西路"
"764","仙岩路",89.6,1.66899157221738,"16.0%","景華街","興隆路2段154巷"
"765","仙岩路",89.6,1.66899157221738,"16.0%","興隆路2段154巷","仙岩路58巷口"
"766","襄陽路",32,1,"14.0%","重慶南路","公園路"
"767","向陽路",8.32510288065844,1.68183817062445,"23.6%","忠孝東路7段","南港路2段"
"768","向陽路(圓環周邊)",24.6045977011494,2.22053726169844,"18.0%","",""
"769","向陽路162巷",33.05,2.12280071813285,"16.8%","重陽路187巷","重陽路57巷"
"770","小北街",27.632183908046,1.86840376614846,"26.6%","文林路","大東路"
"771","辛亥路7段",41.36,1.81572481572482,"8.9%","木柵路1段","木新路3段"
"772","辛亥路二段A",41.835632183908,1.69797074922121,"20.4%","新生南路三段","建國南路"
"773","辛亥路二段B",26.261809447558,2.39120739088882,"34.3%","建國南路","復興南路"
"774","辛亥路三段157巷",34.7413793103448,2.0403577893728,"23.8%","辛亥路三段","臥龍街"
"775","辛亥路一段",94.6685483870968,1.79538919405277,"18.7%","汀州路","新生南路三段"
"776","辛亥橋下",146.609195402299,2.33939478845615,"13.5%","新生南路","溫州街"
"777","新東街",80.5601719197708,1.4974262217756,"10.0%","富錦街","延壽街"
"778","新光路1段",24.3,1.53973299427845,"49.8%","新光路2段","指南路2段"
"779","新光路二段A",27.6490486257928,0.245468079516595,"7.1%","大車",""
"780","新光路二段B",24.1985957873621,1.34585000512978,"13.6%","小車",""
"781","新光路二段C",633.477124183006,0.36262026032824,"2.6%","機車",""
"782","新湖1路128巷",111.363218390805,1.16029768170579,"12.2%","新湖2路","新湖1路"
"783","新湖1路36巷",32.9864864864865,2.2802598860993,"29.1%","新湖2路","新湖1路"
"784","新湖1路A",212.869565217391,1.65779277590301,"11.3%","堤頂大道1段","舊宗路1段"
"785","新湖1路B",333.478260869565,1.59424809424809,"5.0%","舊宗路1段","新湖2路"
"786","新湖2路A",148.275862068966,1.31312935708753,"9.9%","堤頂大道1段","舊宗路1段"
"787","新湖2路B",186.434782608696,1.52347274722595,"12.1%","舊宗路1段","行善路"
"788","新湖二路",427.021857923497,1.74276688283518,"12.5%","舊宗路1段","堤頂大道1段"
"789","新湖二路146巷",35.5103448275862,1.67929869871859,"27.4%","新湖三路","行愛路"
"790","新湖二路191巷",34.2873563218391,2.4158295692038,"40.0%","新湖二路","新湖一路"
"791","新湖二路250巷",23.2413793103448,2.51342111006038,"42.7%","新湖二路","新湖三路"
"792","新湖二路282巷",48.5023696682464,1.69539078156313,"3.1%","新湖二路","新湖三路"
"793","新湖二路295巷",22.7957746478873,1.60499724416682,"11.2%","新湖二路","新湖一路"
"794","新湖三路",437.786206896552,1.62119888276158,"7.4%","舊宗路","新湖二路"
"795","新湖三路219巷(無名巷三)",36.735632183908,2.87727328962019,"36.4%","新湖三路","新湖二路"
"796","新湖一路",695.060109289617,1.90390870678756,"8.7%","堤頂大道1段","舊宗路1段"
"797","新湖一路339巷",23.3419689119171,1.85725709716114,"17.2%","新湖一路","行善路"
"798","新湖一路358巷及27弄",31.1471264367816,1.92200506695621,"26.1%","新湖一路","新湖三路"
"799","新民街",12.9078947368421,1.8150047873068,"18.9%","三重路","惠民街"
"800","新明路",135.785234899329,1.92422360248447,"17.2%","新明路298巷","成功路2段"
"801","新生北路1段兩側",97.6336448598131,0.80739516331884,"9.9%","市民大道","八德路"
"802","新生北路二段28巷",8.02121640735502,1.64359272857527,"24.9%","林森北路","新生北路"
"803","新生北路橋下外圍",228.052132701422,1.91500551253944,"12.1%","南京東路","民生東路"
"804","新生北路三段",82.0114942528736,1.95529463243874,"9.4%","民族東路","濱江街"
"805","新生北路三段Y00",19.3541666666667,1.73313914407349,"11.6%","濱江街","中山北路"
"806","新生北路三段Z00",1.21937321937322,1.94079555966698,"37.7%","農安街","德惠街"
"807","新生北路一段",23.6620498614958,1.3410621761658,"17.3%","長安東路","松江路"
"808","新生北橋側",141.298160696999,2.08742110542745,"20.9%"," 民權東路","民生東路"
"809","新生北橋下A(六)",406.177290836653,2.09589381221545,"8.5%","南京東路","長安東路"
"810","新生北橋下A(七)",171.413346613546,1.99893103057014,"13.0%","長安東路","新生廣場"
"811","新生北橋下B(四)",103.651394422311,2.19967855427827,"9.0%","民生東路","長春路"
"812","新生北橋下B(五)",54.2699203187251,2.1181419331494,"14.3%","長春路","南京東路"
"813","新生北橋下C(二)",79.2878486055777,2.40094063992019,"14.1%","民權東路","錦州街"
"814","新生北橋下C(三)",54.109561752988,2.22735328371057,"16.8%","錦州街","民生東路"
"815","新生北橋下D(一)",457.18625498008,2.24597920507254,"12.0%","民族東路","民權東路"
"816","新生廣場A",78.3247011952191,1.59275951164671,"14.7%","新生北路口","松江路"
"817","新生南路三段",13.426005132592,1.27042147370862,"34.9%","和平東路","羅斯福路"
"818","新生南路一段",83.1423220973783,0.802279298561826,"12.0%","八德路","忠孝東路"
"819","新行一機車平面停車場",196.25,0.494169096209913,"1.0%","",""
"820","新中街",96.298275862069,1.5782164935371,"12.0%","新中街52巷","延壽街"
"821","新中街52巷",44,5.49152542372881,"46.0%","富錦街429巷","新中街"
"822","新中街52巷",44,5.49152542372881,"46.0%","富錦街429巷","新中街"
"823","信安街",84.1205906480722,2.40470190933888,"22.6%","吳興街156巷","和平東路3段"
"824","信陽街（機車計次）",174,1,"14.6%","公園路","館前路"
"825","信義路二段",38.6645768025078,1.32214921886407,"22.9%","杭州南路","新生南路"
"826","信義路二段44巷",7.38253012048193,1.56391372961599,"22.7%","信義路","金山南路二段30巷"
"827","信義路四段186巷",40.6045977011494,2.25055255625204,"27.1%","信義路四段","敦化南路二段63巷"
"828","信義路四段199巷",19.2873563218391,2.08746300009548,"32.6%","信義路四段","敦化南路一段295巷"
"829","信義路五段150巷",87.5172413793103,2.27927997527812,"19.4%","松勤街","信義路五段150巷14弄"
"830","信義路五段150巷401弄",124.003838771593,2.87592026277042,"19.7%","信義路五段","信義路五段150巷401弄"
"831","信義路五段150巷平面",22.957225433526,2.58812933441412,"18.1%","",""
"832","信義路五段91巷(含12弄及15弄)",5.3128078817734,2.1988360814743,"32.3%","松德路200巷","信義路5段"
"833","星雲街",81.7017543859649,1.98475768629495,"20.4%","成功路3段","金湖路"
"834","行愛路",257.56091954023,1.41204592439457,"8.5%","行善路","行忠路"
"835","行愛路141巷",102.55632183908,1.94219077388108,"15.8%","行愛路","新湖二路250巷"
"836","行愛路77巷",84.135632183908,1.74701188512171,"17.7%","行愛路","新湖一路358巷"
"837","行愛路78巷",59.1609195402299,2.15307859642486,"25.3%","行愛路","新湖二路191巷"
"838","行善路",129.731034482759,1.98421159715158,"21.6%","行忠路","堤頂大道1段"
"839","行善路111巷",33.15,2.23844537815126,"24.1%","行善路","南京東路6段"
"840","行善路168巷",79.9032258064516,2.65475915043265,"20.7%","新湖1路","行善路"
"841","行善路48巷",34.8505747126437,2.44960230389468,"29.5%","新湖1路","行善路"
"842","行善路59巷20弄",18.4,2.5862977602108,"26.7%","行善路59巷","行善路111巷"
"843","行善路59巷40弄",29.76,2.4,"22.9%","行善路59巷","行善路111巷"
"844","行一大客車平面停車場",41.6139705882353,0.880354773631886,"17.8%","",""
"845","行一機車平面停車場",454.92576419214,0.860691111180105,"1.7%","",""
"846","行忠路",508.142528735632,1.90135141353868,"7.0%","舊宗路","行善路"
"847","行忠路(大型車)",14.7759036144578,0.911764705882353,"7.9%","民權東路6段46巷","行善路"
"848","行忠路28巷",44.9308755760369,1.64509938988388,"21.4%","行忠路","新湖三路"
"849","行忠路66巷",24.4226327944573,1.80388260470804,"13.9%","行忠路","新湖三路"
"850","行忠路72巷",29.8395348837209,1.74680924456709,"9.9%","行忠路","新湖三路"
"851","興安街Y00",2.03921568627451,2.44344473007712,"57.9%","復興北路","慶城街"
"852","興安街Z00",121.383942766296,1.54890039562485,"16.1%","建國北路","復興北路"
"853","興東街",6.88623595505618,1.72062314540059,"29.6%","南港路一段","惠民街"
"854","興華路",36.9093333333333,1.02177786576915,"14.0%","重陽路","南港路一段"
"855","興隆路2段",65.0289855072464,1.41876075731497,"7.7%","景隆街","辛亥路4段"
"856","興隆路3段",79.4761904761905,1.68851674641148,"17.6%","辛亥路4段","興隆路3段"
"857","興隆路4段",104.246575342466,1.52411017283561,"15.9%","興隆路4段","木新路3段"
"858","興隆路一段",120.412087912088,1.66605183439919,"14.1%","羅斯福路","景興街"
"859","興義街",67.7919540229885,2.0680559338963,"25.7%","西園路二段320巷","環河南路3段"
"860","興中路",77.2202380952381,1.34704550776676,"11.1%","重陽路","南港路一段"
"861","興中路12巷",41.8022988505747,1.0152843796099,"10.5%","興中路","興華路"
"862","興中路28巷",58.0505747126437,1.266510514792,"12.3%","興中路","興華路"
"863","興中路44巷",31.9172413793103,1.33471786039915,"11.9%","興中路","興華路"
"864","興中路56巷",1,1,"14.1%","興中路","興華路"
"865","秀明路1段",184.47,1.8535170413343,"8.7%","木柵路2段","新光路2段"
"866","秀明路2段",41.61,2.10846205507052,"18.9%","新光路2段","萬壽路"
"867","秀山路",36.8333333333333,1,"3.6%","中和街502巷5弄","稻香路"
"868","徐州路",276.63908045977,1.75773925701684,"15.5%","中山南路","杭州南路"
"869","許昌街（含機車）",112.169230769231,1.00055365952418,"16.0%","館前路","公園路"
"870","延吉街",54.2832817337461,1.9361555067414,"22.4%","市民大道","光復南路"
"871","延平北路4段294巷",69.7731481481482,1.92909121678795,"4.7%","延平北路4段","環河北路2段"
"872","延平北路4至5段1巷",206.813793103448,1.55487637362637,"6.3%","敦煌路","延平北路5段1巷"
"873","延平北路6段",14.7777777777778,1.71052631578947,"15.3%","通河西街2段","中正路"
"874","延平北路四段",85.0018885741265,1.81675452452091,"13.3%","酒泉街","民族西路"
"875","延平北路五段1巷廣場",269.475862068966,2.88209442901487,"9.4%","",""
"876","延平南路A（累進計時）",84.7554585152838,1.76210541351236,"14.7%","忠孝西路","愛國西路"
"877","延平南路B（計時）",113.108045977011,1.11739982250205,"17.0%","愛國西路","和平西路"
"878","延平南路C（含機車）",404.038834951456,1.00023219814241,"11.6%","忠孝西路","武昌街"
"879","延壽街314巷",21.5898617511521,1.92393464340914,"23.2%","延壽街","三民路43巷"
"880","延壽街330巷",29.1310344827586,2.3194200757226,"24.8%","延壽街","健康路"
"881","延壽街330巷16弄",10.7782909930716,2.82598920863309,"33.7%","延壽街330巷","延壽街356巷"
"882","延壽街330巷7弄",5.69655172413793,2.25323516287372,"50.9%","健康路225巷","延壽街330巷"
"883","延壽街330巷7弄",5.69655172413793,2.25323516287372,"50.9%","延壽街330巷","健康路225巷"
"884","延壽街330巷8弄",22.0967741935484,2.60037448174401,"25.3%","延壽街330巷","延壽街356巷"
"885","延壽街72巷",56.8951612903226,2.28036336109008,"19.1%","延壽街","健康路"
"886","延壽街A",32.4807174887892,2.10511387570558,"15.9%","新中街","光復北路"
"887","延壽街B",172.659072416599,1.78015764116637,"17.0%","塔悠路","新中街"
"888","研究院路1段101巷",269.12183908046,2.12657310403901,"3.4%","富康街","研究院路1段"
"889","陽光街",63.62,2.1439446366782,"18.3%","舊宗路2段","成功路3段"
"890","陽光街252巷",46.9738846572361,1.40728229702659,"11.9%","瑞光路188巷","陽光街"
"891","陽光街321巷",174.816091954023,1.48573503846062,"10.3%","陽光街","瑞湖街"
"892","陽光街345巷",75.8413793103448,1.0105335723149,"6.9%","陽光街","陽光街321巷"
"893","陽光街365巷",140.341379310345,1.02115269011121,"5.6%","陽光街","陽光街321巷"
"894","一江街A",44.248275862069,1.8787604119458,"24.0%","南京東路","長春路"
"895","一江街B",13.4947368421053,1.54169072164948,"22.4%","南京東路","松江路90巷"
"896","伊通街A",12.2610474631751,1.74049740401256,"30.2%","南京東路","長春街"
"897","伊通街B",24.1379310344828,1.84268552706849,"26.0%","長安東路","南京東路"
"898","伊通街C",28,1.91501118874732,"26.5%","伊通公園周邊",""
"899","逸仙公園西側無名巷",120.735023041475,1,"12.2%","市民大道","北平西路"
"900","迎風廣場平面",235.533437013997,0.424847858537146,"0.6%","",""
"901","迎風廣場七號水門堤外平面大車停車場",52.8245125348189,0.372939021198639,"0.9%","基隆河大佳段",""
"902","永福街",40.4420803782506,1.77832677731939,"13.5%","西寧南路","康定路"
"903","永吉路120巷",124.172413793103,2.45046699548746,"14.4%","永吉路","忠孝東路五段"
"904","永吉路127巷(含11弄)",12.6,2.12014787430684,"22.8%","永吉路","永吉路127巷30弄"
"905","永吉路A",70.890522875817,1.60353226365001,"18.5%","松山路","松信路"
"906","永吉路B",40.2140015910899,1.59921235600482,"19.0%","忠孝東路六段","松山路"
"907","永吉平面停車場",13.8316708229426,2.40061534517018,"26.0%","永吉路120巷22弄",""
"908","雨農路",143.809195402299,1.22473450607673,"10.5%","雨農橋","中正路"
"909","雨聲街",275.316587677725,1.53141531922941,"13.2%","情報局","雙溪街"
"910","玉成街",14.4479578392622,2.43043791674176,"30.7%","忠孝東路6段","八德路4段"
"911","玉成街A",180.157894736842,2.24255691768827,"6.2%","忠孝東路5段","成福路"
"912","玉門街",35.9621026894865,1.98753926701571,"16.1%","庫倫街","敦煌路間"
"913","玉門街(大型車)",2.17032967032967,0.653102336825141,"25.6%","庫倫街","敦煌路間"
"914","育仁路",100.070707070707,0.985747009417155,"4.9%","大業路","光明路"
"915","育仁路",100.070707070707,0.985747009417155,"4.9%","光明路","大業路"
"916","育仁路",100.070707070707,0.985747009417155,"4.9%","光明路","大業路"
"917","裕民二路",129,1,"5.7%","裕民一路","東華街1段"
"918","裕民二路33巷",48.6873563218391,1.5882777276826,"15.6%","裕民一路","裕民二路"
"919","裕民二路49巷",27.625,1.29032258064516,"12.8%","裕民二路","裕民六路"
"920","裕民六路",65.0082474226804,1.56482394819231,"14.5%","裕民二路","東華街"
"921","裕民四路",11.0909090909091,0.96,"7.4%","裕民二路","石牌路2段"
"922","裕民一路",18.7954022988506,1.16720459028151,"19.9%","振華街","裕民一路"
"923","園區街",51.1986666666667,2.05908976615539,"18.0%","三重路","重陽路"
"924","樟新街",27.84,1.80998389694042,"20.2%","木新路3段","一壽橋"
"925","長安東路2段153巷",17.0770114942529,1.97672758989811,"25.8%","朱崙街","長安東路2段"
"926","長安東路二段A",14.6941605839416,1.43567083393208,"22.9%","新生北路","松江路"
"927","長安東路二段B",17.6337209302326,1.45885042455911,"15.9%","復興北路","建國北路"
"928","長安東路二段C",7.61578171091445,1.25909256781413,"23.1%","建國北路","松江路"
"929","長安東路一段",39.7858187134503,1.82099359970173,"16.6%","林森北路","新生北路"
"930","長安東路一段52巷",9.97698504027618,1.7859998644711,"23.4%","長安東路","市民大道"
"931","長安西路A",30.119066773934,1.66508776201332,"22.3%","太原路","延平北路"
"932","長安西路B",49.8275303643725,1.68028448757745,"17.7%","延平北路","環河北路"
"933","長春路137巷",15.9034482758621,2.06486750121931,"28.2%","長春路","松江路170巷"
"934","長春路258巷",4.71034482758621,1.50932090545939,"25.5%","長春路","南京東路3段89巷"
"935","長春路A",22.8732261116367,1.45057839629475,"21.0%","中山北路","新生北路"
"936","長春路B",56.2032085561497,2.11816437480013,"19.4%","復興北路","敦化北路"
"937","長春路C",32.8592400690846,1.63548277249791,"23.1%","建國北路","龍江路"
"938","長春路D",32.0314830157415,1.79825943073521,"22.5%","松江路","建國北路"
"939","長春路E",37.0008230452675,1.64314749047965,"19.7%","龍江路","復興北路"
"940","長春路F",58.0172272354389,1.71415922807271,"20.6%","新生北路","松江路"
"941","長春路G",62.3908045977011,1.22485989766438,"13.0%","林森北路","新生北路"
"942","長春路H(大車)",3.15313225058005,0.711409395973154,"25.8%","中山北路","林森北路"
"943","長沙街二段",86.8758169934641,1.72796352583587,"15.1%","中華路","環河南路"
"944","長沙街一段（累進計時）",79.8781609195402,1.84546807176322,"27.0%","中華路","桃源街"
"945","長順、雙園堤外平面大型車",77.6004618937644,0.400145545274977,"1.4%","大型車",""
"946","長順、雙園堤外平面小型車",241.918202764977,0.396977381368777,"1.6%","小型車",""
"947","長順街",31.3948863636364,1.22305327868852,"7.7%","艋舺大道","環河南路"
"948","長順街60巷",44.2165898617512,0.372815059283706,"2.0%","長順街","萬板大橋"
"949","長順街底堤外",28.1759259259259,0.419714050041243,"3.1%","長順街底水門","萬板橋"
"950","長興街",23.2436781609195,1.97768044639107,"20.4%","基隆路","芳蘭路"
"951","詔安街",113.761904761905,1.83764553686934,"7.4%","南海路","重慶南路3段"
"952","振華街",24.1479538300105,1.20860405213179,"17.1%","明德路","裕民一路"
"953","振興街",4.69745958429561,1.7191467750127,"20.8%","石牌路","明德路"
"954","鎮江街",5.05357142857143,1.46163849154746,"30.6%","青島東路","擠南路1段"
"955","鄭州路",414.896551724138,1,"11.0%","延平北路","承德路"
"956","鄭州路143巷",14.1596244131455,2.38876585464063,"24.6%","鄭州路","長安西路"
"957","鄭州路26巷",23.8036951501155,2.72656800563777,"14.1%","鄭州路","鄭州路26巷底"
"958","植福路",318.064569536424,1.54625467042299,"10.1%","敬業二路","樂群二路"
"959","植福路286巷",110.116981132075,1.76911456724002,"11.0%","敬業四路","堤頂大道西側"
"960","指南路2段",6.79,1.36135371179039,"23.0%","指南路1段","指南路3段"
"961","至誠公園旁無名巷",79.2222222222222,2.9,"8.6%","福林街","至誠路1段"
"962","至誠路二段",92.0689655172414,1.37724540702525,"12.6%","至誠路一段305巷","中山北路五段"
"963","至誠路一段",39.7408256880734,1.31648971912377,"7.1%","雨農路","至誠路一段305巷"
"964","至善公園平面",35.7588532883643,1,"1.9%","至善路一段","至善公園西側"
"965","至善路2段",25.7391304347826,1,"9.2%","至善路2段242巷","中社路1段"
"966","至善路二段",150.685430463576,1,"6.3%","故宮","臨溪路"
"967","至善路一段",76.8913443830571,1,"5.0%","臨溪路","福林路"
"968","至善路一段A大車",10.4510166358595,1,"14.8%","臨溪路","福林路"
"969","致遠三路",14,1,"6.5%","裕民二路","石牌路2段"
"970","致遠一路1段",14.1451612903226,0.911823647294589,"6.5%","自強街","明德路"
"971","中華路二段",129.013854930725,1.448555219188,"14.7%","水源路","西藏路"
"972","中華路二段300巷13弄",19.4202898550725,2.22809714110052,"20.3%","中華路二段300巷",""
"973","中華路二段315巷",5.48372093023256,1.44291653341861,"23.9%","中華路二段","中華路2段315巷5弄"
"974","中華路二段364巷17弄及24弄",39.3866666666667,2.27900783687134,"12.7%","中華路二段364巷",""
"975","中華路二段39巷",29.5034482758621,1.26758104738155,"24.8%","中華路","延平南路"
"976","中華路二段416巷",58.2527964205817,2.35561134203054,"55.0%","萬大路237巷13弄","中華路2段"
"977","中華路二段443巷",35.1126436781609,1.80465998374424,"10.9%","寧波西街","中華路2段467巷"
"978","中華路二段484巷",10.0508083140878,2.0109533921985,"25.8%","中華路2段","國興路"
"979","中華路二段75巷",67.7287024901704,1.27733695095731,"12.1%","中華路","廣州街8巷"
"980","中坡北路",20.9844464775846,1.9128584025054,"34.3%","松隆路","忠孝東路五段"
"981","中坡南路",66.2408874801902,1.67653890824623,"16.4%","忠孝東路五段","福德街"
"982","中山北路5段6段",31.7218390804598,2.55576835385317,"25.4%","至誠路2段","忠誠路1段"
"983","中山北路7段",49.6111111111111,1.85858585858586,"15.5%","中山北路7段191巷","中山北路7段227巷"
"984","中山北路二段39巷",15.2712643678161,1.7521587097695,"28.4%","中山北路","林森北路"
"985","中山北路二段45巷",8.9264367816092,1.40198722498226,"21.2%","林森北路","中山北路"
"986","中山北路二段77巷",77.2137931034483,2.02219975983827,"22.9%","中山北路","林森北路"
"987","中山北路六段",238.817486338798,1.47596747535004,"17.8%","中山北路六段776巷","福國路"
"988","中山北路六段2巷",2.45161290322581,2.80350620891161,"45.1%","忠誠公園","雨聲街"
"989","中山北路六段405巷",27.0298850574713,1.28996356740031,"27.5%","中山北路6段","中山北路6段441巷"
"990","中山北路七段",91.7006651884701,1.43753953358151,"21.0%","天母西路","中山北路7段162巷"
"991","中山北路三段",4.95747126436782,2.34408935774123,"43.8%","撫順公園週邊",""
"992","中山北路五段A",24.5483870967742,1.6920179632044,"13.7%","至誠路二段","中山北路六段"
"993","中山北路五段B",45.903739061257,1.71830768173698,"13.3%","福林橋","福林路"
"994","中山北路五段C機車",453.064456721915,1,"5.3%","小北街","劍潭路"
"995","中山北路一段",150.248847926267,1,"7.8%","市民大道","忠孝西路"
"996","中山北路一段53巷",36.9977011494253,2.07152221412964,"20.4%","天津街","林森北路"
"997","中山路",55.5833333333333,1,"4.2%","溫泉路","光明路"
"998","中山南路（機車計次）",73.7448275862069,1,"16.4%","忠孝西路","青島西路"
"999","中山南路2巷（機車計次）",282,1,"13.8%","中山南路","公園路"
"1000","中山南路二巷臨時平面",149.887096774194,1.25195617419678,"17.1%","中山南路","公園路"
"1001","中央北路1段",14,0.934426229508197,"8.5%","大業路","光明路"
"1002","中央北路2段",98.6666666666667,0.99266862170088,"4.8%","新興路","大業路"
"1003","中正路",117.798270893372,1.31507192891309,"11.2%"," 文昌路","承德路四段"
"1004","中正路A",27.7239776951673,1.61013785180931,"28.2%","雨農路","中山北路五段"
"1005","忠誠路二段",166.514573991031,1.5795965601591,"19.2%","德行東路","天母東路"
"1006","忠誠路一段",128.492290748899,1.60317567112965,"17.9%","德行東路","中山北路六段"
"1007","忠孝東路二段",36.0789473684211,0.80948961885957,"8.8%","金山北路","新生南路北側"
"1008","忠孝東路二段134巷",9.14175257731959,1.63059899284389,"26.7%","忠孝東路","濟南路"
"1009","忠孝東路三段",113.388367729831,0.792061644215311,"5.9%","新生南路","建國南路北側"
"1010","忠孝東路三段251巷",22.4371134020619,2.07303770452929,"45.9%","安東街","忠孝東路三段251巷"
"1011","忠孝東路五段",60.8383673469388,1.54377113772589,"14.3%","中坡北路","松山路"
"1012","忠孝東路五段236巷27弄",25.4068965517241,2.34431658249855,"19.7%","松德路168巷12弄","忠孝東路五段236巷"
"1013","忠孝東路五段236巷45弄",5.13103448275862,2.23675332407224,"38.8%","忠孝東路五段236巷45弄","忠孝東路五段372巷"
"1014","忠孝東路五段236巷57弄",12.7310344827586,2.18116559192116,"24.9%","忠孝東路五段236巷","忠孝東路五段372巷"
"1015","忠孝東路五段372巷28弄",18.8295128939828,2.3211132338514,"171.0%","忠孝東路五段372巷","忠孝東路五段236巷"
"1016","忠孝西路二段",88.5026819923372,1.77303411982919,"17.8%","中華路","昆明街"
"1017","忠孝西路二段16巷",41.16866359447,1.03378705992266,"16.3%","忠孝西路","洛陽街"
"1018","忠孝西路橋下",16.2603686635945,2.73826494573942,"37.8%","重慶南路","忠孝西路"
"1019","忠孝西路一段(機車計次)A",207.760368663594,1,"8.3%","延平北路","重慶北路北側"
"1020","忠孝西路一段(機車計次)B",123.856812933025,1,"11.8%","重慶南路","博愛路"
"1021","忠孝西路一段三角窗（機車計次）",111.488372093023,1,"6.7%","北平西路","忠孝西路"
"1022","忠義街",73.4510638297872,1.40152712839315,"15.1%","忠誠路1段","德行東路"
"1023","重慶北路3段223巷",5.62068965517241,1.41504854368932,"29.8%","大龍街","重慶北路3段"
"1024","重慶北路4段",102.259567387687,1.71699816931374,"14.1%","中正路","敦煌路"
"1025","重慶北路三段",50.5509355509355,1.07612135430031,"11.3%","酒泉街","慶昌橋"
"1026","重慶北路三段",50.5509355509355,1.07612135430031,"11.3%","民權西路","酒泉街"
"1027","重慶北路一段",6.88032786885246,0.640999227401494,"22.2%","南京西路","市民大道"
"1028","重慶南路二段8巷",11.063829787234,1.98795180722892,"11.9%","重慶南路二段8巷10弄","重慶南路二段8巷底"
"1029","重慶南路一段126巷",1.86766541822722,1.51065124771759,"41.5%","博愛路","重慶南路1段"
"1030","重慶南路一段136巷（累進計時）",59.3044496487119,1.17144323096093,"15.8%","重慶南路一段","博愛路"
"1031","重慶南路一段B",126.595099183197,1,"8.6%","忠孝西路","襄陽路"
"1032","重慶南路一段C",1.09677419354839,2.20234869015357,"89.6%","襄陽路","開封街"
"1033","重陽路",266.315322580645,2.38034302344243,"10.4%","南湖大橋下","向陽路"
"1034","重陽路125巷",41.2138364779874,1.92977816953136,"10.0%","松河街","重陽路"
"1035","重陽路187巷",27.1183510638298,2.10382703202682,"11.2%","松河街","重陽路"
"1036","重陽路57巷",55.3571428571429,2.59018627896411,"15.3%","松河街","重陽路"
"1037","洲美快速道路橋下(大客車)",19.1851851851852,1.4347158218126,"2.5%","",""
"1038","洲子街A",127.618390804598,1.46792487486798,"14.4%","基湖路3巷","港墘路"
"1039","洲子街B(機車)",379.471264367816,0.862420832995407,"8.9%","港墘路","基湖路3巷"
"1040","朱崙街",117.351836734694,1.88353180724378,"16.3%","建國北路","復興北路"
"1041","珠海路",91.1805555555556,1,"5.1%","登山路","雙全街"
"1042","莊敬路",111.052631578947,1.52156563824463,"18.0%","松仁路","松勤街"
"1043","莊敬路239巷",2.03699421965318,2.25822709753928,"54.0%","松智路","莊敬路"
"1044","莊敬路325巷45弄",76.9931034482759,2.00397831599196,"17.1%","莊敬路239巷","松智路"
